,State_Tribe_Territory,County_Name,FIPS_State,FIPS_County,date,order_code,Face_Masks_Required_in_Public,Source_of_Action,URL,Citation
518434,NC,Mecklenburg County,37,119,4/10/2020,2,,,,
518435,NC,Mecklenburg County,37,119,4/11/2020,2,,,,
518436,NC,Mecklenburg County,37,119,4/12/2020,2,,,,
518437,NC,Mecklenburg County,37,119,4/13/2020,2,,,,
518438,NC,Mecklenburg County,37,119,4/14/2020,2,,,,
518439,NC,Mecklenburg County,37,119,4/15/2020,2,,,,
518440,NC,Mecklenburg County,37,119,4/16/2020,2,,,,
518441,NC,Mecklenburg County,37,119,4/17/2020,2,,,,
518442,NC,Mecklenburg County,37,119,4/18/2020,2,,,,
518443,NC,Mecklenburg County,37,119,4/19/2020,2,,,,
518444,NC,Mecklenburg County,37,119,4/20/2020,2,,,,
518445,NC,Mecklenburg County,37,119,4/21/2020,2,,,,
518446,NC,Mecklenburg County,37,119,4/22/2020,2,,,,
518447,NC,Mecklenburg County,37,119,4/23/2020,2,,,,
518448,NC,Mecklenburg County,37,119,4/24/2020,2,,,,
518449,NC,Mecklenburg County,37,119,4/25/2020,2,,,,
518450,NC,Mecklenburg County,37,119,4/26/2020,2,,,,
518451,NC,Mecklenburg County,37,119,4/27/2020,2,,,,
518452,NC,Mecklenburg County,37,119,4/28/2020,2,,,,
518453,NC,Mecklenburg County,37,119,4/29/2020,2,,,,
518454,NC,Mecklenburg County,37,119,4/30/2020,2,,,,
518455,NC,Mecklenburg County,37,119,5/1/2020,2,,,,
518456,NC,Mecklenburg County,37,119,5/2/2020,2,,,,
518457,NC,Mecklenburg County,37,119,5/3/2020,2,,,,
518458,NC,Mecklenburg County,37,119,5/4/2020,2,,,,
518459,NC,Mecklenburg County,37,119,5/5/2020,2,,,,
518460,NC,Mecklenburg County,37,119,5/6/2020,2,,,,
518461,NC,Mecklenburg County,37,119,5/7/2020,2,,,,
518462,NC,Mecklenburg County,37,119,5/8/2020,2,,,,
518463,NC,Mecklenburg County,37,119,5/9/2020,2,,,,
518464,NC,Mecklenburg County,37,119,5/10/2020,2,,,,
518465,NC,Mecklenburg County,37,119,5/11/2020,2,,,,
518466,NC,Mecklenburg County,37,119,5/12/2020,2,,,,
518467,NC,Mecklenburg County,37,119,5/13/2020,2,,,,
518468,NC,Mecklenburg County,37,119,5/14/2020,2,,,,
518469,NC,Mecklenburg County,37,119,5/15/2020,2,,,,
518470,NC,Mecklenburg County,37,119,5/16/2020,2,,,,
518471,NC,Mecklenburg County,37,119,5/17/2020,2,,,,
518472,NC,Mecklenburg County,37,119,5/18/2020,2,,,,
518473,NC,Mecklenburg County,37,119,5/19/2020,2,,,,
518474,NC,Mecklenburg County,37,119,5/20/2020,2,,,,
518475,NC,Mecklenburg County,37,119,5/21/2020,2,,,,
518476,NC,Mecklenburg County,37,119,5/22/2020,2,,,,
518477,NC,Mecklenburg County,37,119,5/23/2020,2,,,,
518478,NC,Mecklenburg County,37,119,5/24/2020,2,,,,
518479,NC,Mecklenburg County,37,119,5/25/2020,2,,,,
518480,NC,Mecklenburg County,37,119,5/26/2020,2,,,,
518481,NC,Mecklenburg County,37,119,5/27/2020,2,,,,
518482,NC,Mecklenburg County,37,119,5/28/2020,2,,,,
518483,NC,Mecklenburg County,37,119,5/29/2020,2,,,,
518484,NC,Mecklenburg County,37,119,5/30/2020,2,,,,
518485,NC,Mecklenburg County,37,119,5/31/2020,2,,,,
518486,NC,Mecklenburg County,37,119,6/1/2020,2,,,,
518487,NC,Mecklenburg County,37,119,6/2/2020,2,,,,
518488,NC,Mecklenburg County,37,119,6/3/2020,2,,,,
518489,NC,Mecklenburg County,37,119,6/4/2020,2,,,,
518490,NC,Mecklenburg County,37,119,6/5/2020,2,,,,
518491,NC,Mecklenburg County,37,119,6/6/2020,2,,,,
518492,NC,Mecklenburg County,37,119,6/7/2020,2,,,,
518493,NC,Mecklenburg County,37,119,6/8/2020,2,,,,
518494,NC,Mecklenburg County,37,119,6/9/2020,2,,,,
518495,NC,Mecklenburg County,37,119,6/10/2020,2,,,,
518496,NC,Mecklenburg County,37,119,6/11/2020,2,,,,
518497,NC,Mecklenburg County,37,119,6/12/2020,2,,,,
518498,NC,Mecklenburg County,37,119,6/13/2020,2,,,,
518499,NC,Mecklenburg County,37,119,6/14/2020,2,,,,
518500,NC,Mecklenburg County,37,119,6/15/2020,2,,,,
518501,NC,Mecklenburg County,37,119,6/16/2020,2,,,,
518502,NC,Mecklenburg County,37,119,6/17/2020,2,,,,
518503,NC,Mecklenburg County,37,119,6/18/2020,2,,,,
518504,NC,Mecklenburg County,37,119,6/19/2020,2,,,,
518505,NC,Mecklenburg County,37,119,6/20/2020,2,,,,
518506,NC,Mecklenburg County,37,119,6/21/2020,2,,,,
518507,NC,Mecklenburg County,37,119,6/22/2020,2,,,,
518508,NC,Mecklenburg County,37,119,6/23/2020,2,,,,
518509,NC,Mecklenburg County,37,119,6/24/2020,2,,,,
518510,NC,Mecklenburg County,37,119,6/25/2020,2,,,,
518511,NC,Mecklenburg County,37,119,6/26/2020,1,Yes,Official,https://files.nc.gov/governor/documents/files/EO147-Phase-2-Extension.pdf,"N.C. Exec. Order No. 147 (June 24, 2020)"
518512,NC,Mecklenburg County,37,119,6/27/2020,1,Yes,Official,https://files.nc.gov/governor/documents/files/EO147-Phase-2-Extension.pdf,"N.C. Exec. Order No. 147 (June 24, 2020)"
518513,NC,Mecklenburg County,37,119,6/28/2020,1,Yes,Official,https://files.nc.gov/governor/documents/files/EO147-Phase-2-Extension.pdf,"N.C. Exec. Order No. 147 (June 24, 2020)"
518514,NC,Mecklenburg County,37,119,6/29/2020,1,Yes,Official,https://files.nc.gov/governor/documents/files/EO147-Phase-2-Extension.pdf,"N.C. Exec. Order No. 147 (June 24, 2020)"
518515,NC,Mecklenburg County,37,119,6/30/2020,1,Yes,Official,https://files.nc.gov/governor/documents/files/EO147-Phase-2-Extension.pdf,"N.C. Exec. Order No. 147 (June 24, 2020)"
518516,NC,Mecklenburg County,37,119,7/1/2020,1,Yes,Official,https://files.nc.gov/governor/documents/files/EO147-Phase-2-Extension.pdf,"N.C. Exec. Order No. 147 (June 24, 2020)"
518517,NC,Mecklenburg County,37,119,7/2/2020,1,Yes,Official,https://files.nc.gov/governor/documents/files/EO147-Phase-2-Extension.pdf,"N.C. Exec. Order No. 147 (June 24, 2020)"
518518,NC,Mecklenburg County,37,119,7/3/2020,1,Yes,Official,https://files.nc.gov/governor/documents/files/EO147-Phase-2-Extension.pdf,"N.C. Exec. Order No. 147 (June 24, 2020)"
518519,NC,Mecklenburg County,37,119,7/4/2020,1,Yes,Official,https://files.nc.gov/governor/documents/files/EO147-Phase-2-Extension.pdf,"N.C. Exec. Order No. 147 (June 24, 2020)"
518520,NC,Mecklenburg County,37,119,7/5/2020,1,Yes,Official,https://files.nc.gov/governor/documents/files/EO147-Phase-2-Extension.pdf,"N.C. Exec. Order No. 147 (June 24, 2020)"
518521,NC,Mecklenburg County,37,119,7/6/2020,1,Yes,Official,https://files.nc.gov/governor/documents/files/EO147-Phase-2-Extension.pdf,"N.C. Exec. Order No. 147 (June 24, 2020)"
518522,NC,Mecklenburg County,37,119,7/7/2020,1,Yes,Official,https://files.nc.gov/governor/documents/files/EO147-Phase-2-Extension.pdf,"N.C. Exec. Order No. 147 (June 24, 2020)"
518523,NC,Mecklenburg County,37,119,7/8/2020,1,Yes,Official,https://files.nc.gov/governor/documents/files/EO147-Phase-2-Extension.pdf,"N.C. Exec. Order No. 147 (June 24, 2020)"
518524,NC,Mecklenburg County,37,119,7/9/2020,1,Yes,Official,https://files.nc.gov/governor/documents/files/EO147-Phase-2-Extension.pdf,"N.C. Exec. Order No. 147 (June 24, 2020)"
518525,NC,Mecklenburg County,37,119,7/10/2020,1,Yes,Official,https://files.nc.gov/governor/documents/files/EO147-Phase-2-Extension.pdf,"N.C. Exec. Order No. 147 (June 24, 2020)"
518526,NC,Mecklenburg County,37,119,7/11/2020,1,Yes,Official,https://files.nc.gov/governor/documents/files/EO147-Phase-2-Extension.pdf,"N.C. Exec. Order No. 147 (June 24, 2020)"
518527,NC,Mecklenburg County,37,119,7/12/2020,1,Yes,Official,https://files.nc.gov/governor/documents/files/EO147-Phase-2-Extension.pdf,"N.C. Exec. Order No. 147 (June 24, 2020)"
518528,NC,Mecklenburg County,37,119,7/13/2020,1,Yes,Official,https://files.nc.gov/governor/documents/files/EO147-Phase-2-Extension.pdf,"N.C. Exec. Order No. 147 (June 24, 2020)"
518529,NC,Mecklenburg County,37,119,7/14/2020,1,Yes,Official,https://files.nc.gov/governor/documents/files/EO147-Phase-2-Extension.pdf,"N.C. Exec. Order No. 147 (June 24, 2020)"
518530,NC,Mecklenburg County,37,119,7/15/2020,1,Yes,Official,https://files.nc.gov/governor/documents/files/EO147-Phase-2-Extension.pdf,"N.C. Exec. Order No. 147 (June 24, 2020)"
518531,NC,Mecklenburg County,37,119,7/16/2020,1,Yes,Official,https://files.nc.gov/governor/documents/files/EO147-Phase-2-Extension.pdf,"N.C. Exec. Order No. 147 (June 24, 2020)"
518532,NC,Mecklenburg County,37,119,7/17/2020,1,Yes,Official,https://files.nc.gov/governor/documents/files/EO151-Phase-2-Extension.pdf,"N.C. Exec. Order No. 151 (July 16, 2020)"
518533,NC,Mecklenburg County,37,119,7/18/2020,1,Yes,Official,https://files.nc.gov/governor/documents/files/EO151-Phase-2-Extension.pdf,"N.C. Exec. Order No. 151 (July 16, 2020)"
518534,NC,Mecklenburg County,37,119,7/19/2020,1,Yes,Official,https://files.nc.gov/governor/documents/files/EO151-Phase-2-Extension.pdf,"N.C. Exec. Order No. 151 (July 16, 2020)"
518535,NC,Mecklenburg County,37,119,7/20/2020,1,Yes,Official,https://files.nc.gov/governor/documents/files/EO151-Phase-2-Extension.pdf,"N.C. Exec. Order No. 151 (July 16, 2020)"
518536,NC,Mecklenburg County,37,119,7/21/2020,1,Yes,Official,https://files.nc.gov/governor/documents/files/EO151-Phase-2-Extension.pdf,"N.C. Exec. Order No. 151 (July 16, 2020)"
518537,NC,Mecklenburg County,37,119,7/22/2020,1,Yes,Official,https://files.nc.gov/governor/documents/files/EO151-Phase-2-Extension.pdf,"N.C. Exec. Order No. 151 (July 16, 2020)"
518538,NC,Mecklenburg County,37,119,7/23/2020,1,Yes,Official,https://files.nc.gov/governor/documents/files/EO151-Phase-2-Extension.pdf,"N.C. Exec. Order No. 151 (July 16, 2020)"
518540,NC,Mecklenburg County,37,119,7/24/2020,1,Yes,Official,https://files.nc.gov/governor/documents/files/EO151-Phase-2-Extension.pdf,"N.C. Exec. Order No. 151 (July 16, 2020)"
518541,NC,Mecklenburg County,37,119,7/25/2020,1,Yes,Official,https://files.nc.gov/governor/documents/files/EO151-Phase-2-Extension.pdf,"N.C. Exec. Order No. 151 (July 16, 2020)"
518542,NC,Mecklenburg County,37,119,7/26/2020,1,Yes,Official,https://files.nc.gov/governor/documents/files/EO151-Phase-2-Extension.pdf,"N.C. Exec. Order No. 151 (July 16, 2020)"
518543,NC,Mecklenburg County,37,119,7/27/2020,1,Yes,Official,https://files.nc.gov/governor/documents/files/EO151-Phase-2-Extension.pdf,"N.C. Exec. Order No. 151 (July 16, 2020)"
518544,NC,Mecklenburg County,37,119,7/28/2020,1,Yes,Official,https://files.nc.gov/governor/documents/files/EO151-Phase-2-Extension.pdf,"N.C. Exec. Order No. 151 (July 16, 2020)"
518545,NC,Mecklenburg County,37,119,7/29/2020,1,Yes,Official,https://files.nc.gov/governor/documents/files/EO151-Phase-2-Extension.pdf,"N.C. Exec. Order No. 151 (July 16, 2020)"
518546,NC,Mecklenburg County,37,119,7/30/2020,1,Yes,Official,https://files.nc.gov/governor/documents/files/EO151-Phase-2-Extension.pdf,"N.C. Exec. Order No. 151 (July 16, 2020)"
518547,NC,Mecklenburg County,37,119,7/31/2020,1,Yes,Official,https://files.nc.gov/governor/documents/files/EO151-Phase-2-Extension.pdf,"N.C. Exec. Order No. 151 (July 16, 2020)"
518548,NC,Mecklenburg County,37,119,8/1/2020,1,Yes,Official,https://files.nc.gov/governor/documents/files/EO151-Phase-2-Extension.pdf,"N.C. Exec. Order No. 151 (July 16, 2020)"
518549,NC,Mecklenburg County,37,119,8/2/2020,1,Yes,Official,https://files.nc.gov/governor/documents/files/EO151-Phase-2-Extension.pdf,"N.C. Exec. Order No. 151 (July 16, 2020)"
518550,NC,Mecklenburg County,37,119,8/3/2020,1,Yes,Official,https://files.nc.gov/governor/documents/files/EO151-Phase-2-Extension.pdf,"N.C. Exec. Order No. 151 (July 16, 2020)"
518551,NC,Mecklenburg County,37,119,8/4/2020,1,Yes,Official,https://files.nc.gov/governor/documents/files/EO151-Phase-2-Extension.pdf,"N.C. Exec. Order No. 151 (July 16, 2020)"
518552,NC,Mecklenburg County,37,119,8/5/2020,1,Yes,Official,https://files.nc.gov/governor/documents/files/EO151-Phase-2-Extension.pdf,"N.C. Exec. Order No. 151 (July 16, 2020)"
518553,NC,Mecklenburg County,37,119,8/6/2020,1,Yes,Official,https://files.nc.gov/governor/documents/files/EO151-Phase-2-Extension.pdf,"N.C. Exec. Order No. 151 (July 16, 2020)"
518554,NC,Mecklenburg County,37,119,8/7/2020,1,Yes,Official,https://files.nc.gov/governor/documents/files/EO155-Extension-of-Phase-2.pdf,"N.C. Exec. Order No. 155 (Aug. 5, 2020)"
518555,NC,Mecklenburg County,37,119,8/8/2020,1,Yes,Official,https://files.nc.gov/governor/documents/files/EO155-Extension-of-Phase-2.pdf,"N.C. Exec. Order No. 155 (Aug. 5, 2020)"
518556,NC,Mecklenburg County,37,119,8/9/2020,1,Yes,Official,https://files.nc.gov/governor/documents/files/EO155-Extension-of-Phase-2.pdf,"N.C. Exec. Order No. 155 (Aug. 5, 2020)"
518557,NC,Mecklenburg County,37,119,8/10/2020,1,Yes,Official,https://files.nc.gov/governor/documents/files/EO155-Extension-of-Phase-2.pdf,"N.C. Exec. Order No. 155 (Aug. 5, 2020)"
518558,NC,Mecklenburg County,37,119,8/11/2020,1,Yes,Official,https://files.nc.gov/governor/documents/files/EO155-Extension-of-Phase-2.pdf,"N.C. Exec. Order No. 155 (Aug. 5, 2020)"
518559,NC,Mecklenburg County,37,119,8/12/2020,1,Yes,Official,https://files.nc.gov/governor/documents/files/EO155-Extension-of-Phase-2.pdf,"N.C. Exec. Order No. 155 (Aug. 5, 2020)"
518560,NC,Mecklenburg County,37,119,8/13/2020,1,Yes,Official,https://files.nc.gov/governor/documents/files/EO155-Extension-of-Phase-2.pdf,"N.C. Exec. Order No. 155 (Aug. 5, 2020)"
518561,NC,Mecklenburg County,37,119,8/14/2020,1,Yes,Official,https://files.nc.gov/governor/documents/files/EO155-Extension-of-Phase-2.pdf,"N.C. Exec. Order No. 155 (Aug. 5, 2020)"
518562,NC,Mecklenburg County,37,119,8/15/2020,1,Yes,Official,https://files.nc.gov/governor/documents/files/EO155-Extension-of-Phase-2.pdf,"N.C. Exec. Order No. 155 (Aug. 5, 2020)"
518563,NC,Mecklenburg County,37,119,8/16/2020,1,Yes,Official,https://files.nc.gov/governor/documents/files/EO155-Extension-of-Phase-2.pdf,"N.C. Exec. Order No. 155 (Aug. 5, 2020)"
518564,NC,Mecklenburg County,37,119,8/17/2020,1,Yes,Official,https://files.nc.gov/governor/documents/files/EO155-Extension-of-Phase-2.pdf,"N.C. Exec. Order No. 155 (Aug. 5, 2020)"
518565,NC,Mecklenburg County,37,119,8/18/2020,1,Yes,Official,https://files.nc.gov/governor/documents/files/EO155-Extension-of-Phase-2.pdf,"N.C. Exec. Order No. 155 (Aug. 5, 2020)"
518566,NC,Mecklenburg County,37,119,8/19/2020,1,Yes,Official,https://files.nc.gov/governor/documents/files/EO155-Extension-of-Phase-2.pdf,"N.C. Exec. Order No. 155 (Aug. 5, 2020)"
518567,NC,Mecklenburg County,37,119,8/20/2020,1,Yes,Official,https://files.nc.gov/governor/documents/files/EO155-Extension-of-Phase-2.pdf,"N.C. Exec. Order No. 155 (Aug. 5, 2020)"
518568,NC,Mecklenburg County,37,119,8/21/2020,1,Yes,Official,https://files.nc.gov/governor/documents/files/EO155-Extension-of-Phase-2.pdf,"N.C. Exec. Order No. 155 (Aug. 5, 2020)"
518569,NC,Mecklenburg County,37,119,8/22/2020,1,Yes,Official,https://files.nc.gov/governor/documents/files/EO155-Extension-of-Phase-2.pdf,"N.C. Exec. Order No. 155 (Aug. 5, 2020)"
518570,NC,Mecklenburg County,37,119,8/23/2020,1,Yes,Official,https://files.nc.gov/governor/documents/files/EO155-Extension-of-Phase-2.pdf,"N.C. Exec. Order No. 155 (Aug. 5, 2020)"
518571,NC,Mecklenburg County,37,119,8/24/2020,1,Yes,Official,https://files.nc.gov/governor/documents/files/EO155-Extension-of-Phase-2.pdf,"N.C. Exec. Order No. 155 (Aug. 5, 2020)"
518572,NC,Mecklenburg County,37,119,8/25/2020,1,Yes,Official,https://files.nc.gov/governor/documents/files/EO155-Extension-of-Phase-2.pdf,"N.C. Exec. Order No. 155 (Aug. 5, 2020)"
518573,NC,Mecklenburg County,37,119,8/26/2020,1,Yes,Official,https://files.nc.gov/governor/documents/files/EO155-Extension-of-Phase-2.pdf,"N.C. Exec. Order No. 155 (Aug. 5, 2020)"
518574,NC,Mecklenburg County,37,119,8/27/2020,1,Yes,Official,https://files.nc.gov/governor/documents/files/EO155-Extension-of-Phase-2.pdf,"N.C. Exec. Order No. 155 (Aug. 5, 2020)"
518575,NC,Mecklenburg County,37,119,8/28/2020,1,Yes,Official,https://files.nc.gov/governor/documents/files/EO155-Extension-of-Phase-2.pdf,"N.C. Exec. Order No. 155 (Aug. 5, 2020)"
518576,NC,Mecklenburg County,37,119,8/29/2020,1,Yes,Official,https://files.nc.gov/governor/documents/files/EO155-Extension-of-Phase-2.pdf,"N.C. Exec. Order No. 155 (Aug. 5, 2020)"
518577,NC,Mecklenburg County,37,119,8/30/2020,1,Yes,Official,https://files.nc.gov/governor/documents/files/EO155-Extension-of-Phase-2.pdf,"N.C. Exec. Order No. 155 (Aug. 5, 2020)"
518578,NC,Mecklenburg County,37,119,8/31/2020,1,Yes,Official,https://files.nc.gov/governor/documents/files/EO155-Extension-of-Phase-2.pdf,"N.C. Exec. Order No. 155 (Aug. 5, 2020)"
518579,NC,Mecklenburg County,37,119,9/1/2020,1,Yes,Official,https://files.nc.gov/governor/documents/files/EO155-Extension-of-Phase-2.pdf,"N.C. Exec. Order No. 155 (Aug. 5, 2020)"
518580,NC,Mecklenburg County,37,119,9/2/2020,1,Yes,Official,https://files.nc.gov/governor/documents/files/EO155-Extension-of-Phase-2.pdf,"N.C. Exec. Order No. 155 (Aug. 5, 2020)"
518581,NC,Mecklenburg County,37,119,9/3/2020,1,Yes,Official,https://files.nc.gov/governor/documents/files/EO155-Extension-of-Phase-2.pdf,"N.C. Exec. Order No. 155 (Aug. 5, 2020)"
518582,NC,Mecklenburg County,37,119,9/4/2020,1,Yes,Official,https://files.nc.gov/governor/documents/files/EO163-New-Phase-2.5.pdf,"N.C. Exec. Order No. 163 (Sept. 1, 2020)"
518583,NC,Mecklenburg County,37,119,9/5/2020,1,Yes,Official,https://files.nc.gov/governor/documents/files/EO163-New-Phase-2.5.pdf,"N.C. Exec. Order No. 163 (Sept. 1, 2020)"
518584,NC,Mecklenburg County,37,119,9/6/2020,1,Yes,Official,https://files.nc.gov/governor/documents/files/EO163-New-Phase-2.5.pdf,"N.C. Exec. Order No. 163 (Sept. 1, 2020)"
518585,NC,Mecklenburg County,37,119,9/7/2020,1,Yes,Official,https://files.nc.gov/governor/documents/files/EO163-New-Phase-2.5.pdf,"N.C. Exec. Order No. 163 (Sept. 1, 2020)"
518586,NC,Mecklenburg County,37,119,9/8/2020,1,Yes,Official,https://files.nc.gov/governor/documents/files/EO163-New-Phase-2.5.pdf,"N.C. Exec. Order No. 163 (Sept. 1, 2020)"
518587,NC,Mecklenburg County,37,119,9/9/2020,1,Yes,Official,https://files.nc.gov/governor/documents/files/EO163-New-Phase-2.5.pdf,"N.C. Exec. Order No. 163 (Sept. 1, 2020)"
518588,NC,Mecklenburg County,37,119,9/10/2020,1,Yes,Official,https://files.nc.gov/governor/documents/files/EO163-New-Phase-2.5.pdf,"N.C. Exec. Order No. 163 (Sept. 1, 2020)"
518589,NC,Mecklenburg County,37,119,9/11/2020,1,Yes,Official,https://files.nc.gov/governor/documents/files/EO163-New-Phase-2.5.pdf,"N.C. Exec. Order No. 163 (Sept. 1, 2020)"
518590,NC,Mecklenburg County,37,119,9/12/2020,1,Yes,Official,https://files.nc.gov/governor/documents/files/EO163-New-Phase-2.5.pdf,"N.C. Exec. Order No. 163 (Sept. 1, 2020)"
518591,NC,Mecklenburg County,37,119,9/13/2020,1,Yes,Official,https://files.nc.gov/governor/documents/files/EO163-New-Phase-2.5.pdf,"N.C. Exec. Order No. 163 (Sept. 1, 2020)"
518592,NC,Mecklenburg County,37,119,9/14/2020,1,Yes,Official,https://files.nc.gov/governor/documents/files/EO163-New-Phase-2.5.pdf,"N.C. Exec. Order No. 163 (Sept. 1, 2020)"
518593,NC,Mecklenburg County,37,119,9/15/2020,1,Yes,Official,https://files.nc.gov/governor/documents/files/EO163-New-Phase-2.5.pdf,"N.C. Exec. Order No. 163 (Sept. 1, 2020)"
518594,NC,Mecklenburg County,37,119,9/16/2020,1,Yes,Official,https://files.nc.gov/governor/documents/files/EO163-New-Phase-2.5.pdf,"N.C. Exec. Order No. 163 (Sept. 1, 2020)"
518595,NC,Mecklenburg County,37,119,9/17/2020,1,Yes,Official,https://files.nc.gov/governor/documents/files/EO163-New-Phase-2.5.pdf,"N.C. Exec. Order No. 163 (Sept. 1, 2020)"
518596,NC,Mecklenburg County,37,119,9/18/2020,1,Yes,Official,https://files.nc.gov/governor/documents/files/EO163-New-Phase-2.5.pdf,"N.C. Exec. Order No. 163 (Sept. 1, 2020)"
518597,NC,Mecklenburg County,37,119,9/19/2020,1,Yes,Official,https://files.nc.gov/governor/documents/files/EO163-New-Phase-2.5.pdf,"N.C. Exec. Order No. 163 (Sept. 1, 2020)"
518598,NC,Mecklenburg County,37,119,9/20/2020,1,Yes,Official,https://files.nc.gov/governor/documents/files/EO163-New-Phase-2.5.pdf,"N.C. Exec. Order No. 163 (Sept. 1, 2020)"
518599,NC,Mecklenburg County,37,119,9/21/2020,1,Yes,Official,https://files.nc.gov/governor/documents/files/EO163-New-Phase-2.5.pdf,"N.C. Exec. Order No. 163 (Sept. 1, 2020)"
518600,NC,Mecklenburg County,37,119,9/22/2020,1,Yes,Official,https://files.nc.gov/governor/documents/files/EO163-New-Phase-2.5.pdf,"N.C. Exec. Order No. 163 (Sept. 1, 2020)"
518601,NC,Mecklenburg County,37,119,9/23/2020,1,Yes,Official,https://files.nc.gov/governor/documents/files/EO163-New-Phase-2.5.pdf,"N.C. Exec. Order No. 163 (Sept. 1, 2020)"
518602,NC,Mecklenburg County,37,119,9/24/2020,1,Yes,Official,https://files.nc.gov/governor/documents/files/EO163-New-Phase-2.5.pdf,"N.C. Exec. Order No. 163 (Sept. 1, 2020)"
518603,NC,Mecklenburg County,37,119,9/25/2020,1,Yes,Official,https://files.nc.gov/governor/documents/files/EO163-New-Phase-2.5.pdf,"N.C. Exec. Order No. 163 (Sept. 1, 2020)"
518604,NC,Mecklenburg County,37,119,9/26/2020,1,Yes,Official,https://files.nc.gov/governor/documents/files/EO163-New-Phase-2.5.pdf,"N.C. Exec. Order No. 163 (Sept. 1, 2020)"
518605,NC,Mecklenburg County,37,119,9/27/2020,1,Yes,Official,https://files.nc.gov/governor/documents/files/EO163-New-Phase-2.5.pdf,"N.C. Exec. Order No. 163 (Sept. 1, 2020)"
518606,NC,Mecklenburg County,37,119,9/28/2020,1,Yes,Official,https://files.nc.gov/governor/documents/files/EO163-New-Phase-2.5.pdf,"N.C. Exec. Order No. 163 (Sept. 1, 2020)"
518607,NC,Mecklenburg County,37,119,9/29/2020,1,Yes,Official,https://files.nc.gov/governor/documents/files/EO163-New-Phase-2.5.pdf,"N.C. Exec. Order No. 163 (Sept. 1, 2020)"
518608,NC,Mecklenburg County,37,119,9/30/2020,1,Yes,Official,https://files.nc.gov/governor/documents/files/EO163-New-Phase-2.5.pdf,"N.C. Exec. Order No. 163 (Sept. 1, 2020)"
518609,NC,Mecklenburg County,37,119,10/1/2020,1,Yes,Official,https://files.nc.gov/governor/documents/files/EO163-New-Phase-2.5.pdf,"N.C. Exec. Order No. 163 (Sept. 1, 2020)"
518610,NC,Mecklenburg County,37,119,10/2/2020,1,Yes,Official,https://files.nc.gov/governor/documents/files/EO169-Phase-3.pdf,"N.C. Exec. Order No. 169 (Sept. 30, 2020)"
518611,NC,Mecklenburg County,37,119,10/3/2020,1,Yes,Official,https://files.nc.gov/governor/documents/files/EO169-Phase-3.pdf,"N.C. Exec. Order No. 169 (Sept. 30, 2020)"
518612,NC,Mecklenburg County,37,119,10/4/2020,1,Yes,Official,https://files.nc.gov/governor/documents/files/EO169-Phase-3.pdf,"N.C. Exec. Order No. 169 (Sept. 30, 2020)"
518613,NC,Mecklenburg County,37,119,10/5/2020,1,Yes,Official,https://files.nc.gov/governor/documents/files/EO169-Phase-3.pdf,"N.C. Exec. Order No. 169 (Sept. 30, 2020)"
518614,NC,Mecklenburg County,37,119,10/6/2020,1,Yes,Official,https://files.nc.gov/governor/documents/files/EO169-Phase-3.pdf,"N.C. Exec. Order No. 169 (Sept. 30, 2020)"
518615,NC,Mecklenburg County,37,119,10/7/2020,1,Yes,Official,https://files.nc.gov/governor/documents/files/EO169-Phase-3.pdf,"N.C. Exec. Order No. 169 (Sept. 30, 2020)"
518616,NC,Mecklenburg County,37,119,10/8/2020,1,Yes,Official,https://files.nc.gov/governor/documents/files/EO169-Phase-3.pdf,"N.C. Exec. Order No. 169 (Sept. 30, 2020)"
518617,NC,Mecklenburg County,37,119,10/9/2020,1,Yes,Official,https://files.nc.gov/governor/documents/files/EO169-Phase-3.pdf,"N.C. Exec. Order No. 169 (Sept. 30, 2020)"
518618,NC,Mecklenburg County,37,119,10/10/2020,1,Yes,Official,https://files.nc.gov/governor/documents/files/EO169-Phase-3.pdf,"N.C. Exec. Order No. 169 (Sept. 30, 2020)"
518619,NC,Mecklenburg County,37,119,10/11/2020,1,Yes,Official,https://files.nc.gov/governor/documents/files/EO169-Phase-3.pdf,"N.C. Exec. Order No. 169 (Sept. 30, 2020)"
518620,NC,Mecklenburg County,37,119,10/12/2020,1,Yes,Official,https://files.nc.gov/governor/documents/files/EO169-Phase-3.pdf,"N.C. Exec. Order No. 169 (Sept. 30, 2020)"
518621,NC,Mecklenburg County,37,119,10/13/2020,1,Yes,Official,https://files.nc.gov/governor/documents/files/EO169-Phase-3.pdf,"N.C. Exec. Order No. 169 (Sept. 30, 2020)"
518622,NC,Mecklenburg County,37,119,10/14/2020,1,Yes,Official,https://files.nc.gov/governor/documents/files/EO169-Phase-3.pdf,"N.C. Exec. Order No. 169 (Sept. 30, 2020)"
518623,NC,Mecklenburg County,37,119,10/15/2020,1,Yes,Official,https://files.nc.gov/governor/documents/files/EO169-Phase-3.pdf,"N.C. Exec. Order No. 169 (Sept. 30, 2020)"
518624,NC,Mecklenburg County,37,119,10/16/2020,1,Yes,Official,https://files.nc.gov/governor/documents/files/EO169-Phase-3.pdf,"N.C. Exec. Order No. 169 (Sept. 30, 2020)"
518625,NC,Mecklenburg County,37,119,10/17/2020,1,Yes,Official,https://files.nc.gov/governor/documents/files/EO169-Phase-3.pdf,"N.C. Exec. Order No. 169 (Sept. 30, 2020)"
518626,NC,Mecklenburg County,37,119,10/18/2020,1,Yes,Official,https://files.nc.gov/governor/documents/files/EO169-Phase-3.pdf,"N.C. Exec. Order No. 169 (Sept. 30, 2020)"
518627,NC,Mecklenburg County,37,119,10/19/2020,1,Yes,Official,https://files.nc.gov/governor/documents/files/EO169-Phase-3.pdf,"N.C. Exec. Order No. 169 (Sept. 30, 2020)"
518628,NC,Mecklenburg County,37,119,10/20/2020,1,Yes,Official,https://files.nc.gov/governor/documents/files/EO169-Phase-3.pdf,"N.C. Exec. Order No. 169 (Sept. 30, 2020)"
518629,NC,Mecklenburg County,37,119,10/21/2020,1,Yes,Official,https://files.nc.gov/governor/documents/files/EO169-Phase-3.pdf,"N.C. Exec. Order No. 169 (Sept. 30, 2020)"
518630,NC,Mecklenburg County,37,119,10/22/2020,1,Yes,Official,https://files.nc.gov/governor/documents/files/EO169-Phase-3.pdf,"N.C. Exec. Order No. 169 (Sept. 30, 2020)"
518631,NC,Mecklenburg County,37,119,10/23/2020,1,Yes,Official,https://files.nc.gov/governor/documents/files/EO170-Phase-3-Extension.pdf,"N.C. Exec. Order No. 170 (Oct. 21, 2020)"
518632,NC,Mecklenburg County,37,119,10/24/2020,1,Yes,Official,https://files.nc.gov/governor/documents/files/EO170-Phase-3-Extension.pdf,"N.C. Exec. Order No. 170 (Oct. 21, 2020)"
518633,NC,Mecklenburg County,37,119,10/25/2020,1,Yes,Official,https://files.nc.gov/governor/documents/files/EO170-Phase-3-Extension.pdf,"N.C. Exec. Order No. 170 (Oct. 21, 2020)"
518634,NC,Mecklenburg County,37,119,10/26/2020,1,Yes,Official,https://files.nc.gov/governor/documents/files/EO170-Phase-3-Extension.pdf,"N.C. Exec. Order No. 170 (Oct. 21, 2020)"
518635,NC,Mecklenburg County,37,119,10/27/2020,1,Yes,Official,https://files.nc.gov/governor/documents/files/EO170-Phase-3-Extension.pdf,"N.C. Exec. Order No. 170 (Oct. 21, 2020)"
518636,NC,Mecklenburg County,37,119,10/28/2020,1,Yes,Official,https://files.nc.gov/governor/documents/files/EO170-Phase-3-Extension.pdf,"N.C. Exec. Order No. 170 (Oct. 21, 2020)"
518637,NC,Mecklenburg County,37,119,10/29/2020,1,Yes,Official,https://files.nc.gov/governor/documents/files/EO170-Phase-3-Extension.pdf,"N.C. Exec. Order No. 170 (Oct. 21, 2020)"
518638,NC,Mecklenburg County,37,119,10/30/2020,1,Yes,Official,https://files.nc.gov/governor/documents/files/EO170-Phase-3-Extension.pdf,"N.C. Exec. Order No. 170 (Oct. 21, 2020)"
518639,NC,Mecklenburg County,37,119,10/31/2020,1,Yes,Official,https://files.nc.gov/governor/documents/files/EO170-Phase-3-Extension.pdf,"N.C. Exec. Order No. 170 (Oct. 21, 2020)"
518640,NC,Mecklenburg County,37,119,11/1/2020,1,Yes,Official,https://files.nc.gov/governor/documents/files/EO170-Phase-3-Extension.pdf,"N.C. Exec. Order No. 170 (Oct. 21, 2020)"
518641,NC,Mecklenburg County,37,119,11/2/2020,1,Yes,Official,https://files.nc.gov/governor/documents/files/EO170-Phase-3-Extension.pdf,"N.C. Exec. Order No. 170 (Oct. 21, 2020)"
518642,NC,Mecklenburg County,37,119,11/3/2020,1,Yes,Official,https://files.nc.gov/governor/documents/files/EO170-Phase-3-Extension.pdf,"N.C. Exec. Order No. 170 (Oct. 21, 2020)"
518643,NC,Mecklenburg County,37,119,11/4/2020,1,Yes,Official,https://files.nc.gov/governor/documents/files/EO170-Phase-3-Extension.pdf,"N.C. Exec. Order No. 170 (Oct. 21, 2020)"
518644,NC,Mecklenburg County,37,119,11/5/2020,1,Yes,Official,https://files.nc.gov/governor/documents/files/EO170-Phase-3-Extension.pdf,"N.C. Exec. Order No. 170 (Oct. 21, 2020)"
518645,NC,Mecklenburg County,37,119,11/6/2020,1,Yes,Official,https://files.nc.gov/governor/documents/files/EO170-Phase-3-Extension.pdf,"N.C. Exec. Order No. 170 (Oct. 21, 2020)"
518646,NC,Mecklenburg County,37,119,11/7/2020,1,Yes,Official,https://files.nc.gov/governor/documents/files/EO170-Phase-3-Extension.pdf,"N.C. Exec. Order No. 170 (Oct. 21, 2020)"
518647,NC,Mecklenburg County,37,119,11/8/2020,1,Yes,Official,https://files.nc.gov/governor/documents/files/EO170-Phase-3-Extension.pdf,"N.C. Exec. Order No. 170 (Oct. 21, 2020)"
518648,NC,Mecklenburg County,37,119,11/9/2020,1,Yes,Official,https://files.nc.gov/governor/documents/files/EO170-Phase-3-Extension.pdf,"N.C. Exec. Order No. 170 (Oct. 21, 2020)"
518649,NC,Mecklenburg County,37,119,11/10/2020,1,Yes,Official,https://files.nc.gov/governor/documents/files/EO170-Phase-3-Extension.pdf,"N.C. Exec. Order No. 170 (Oct. 21, 2020)"
518650,NC,Mecklenburg County,37,119,11/11/2020,1,Yes,Official,https://files.nc.gov/governor/documents/files/EO170-Phase-3-Extension.pdf,"N.C. Exec. Order No. 170 (Oct. 21, 2020)"
518651,NC,Mecklenburg County,37,119,11/12/2020,1,Yes,Official,https://files.nc.gov/governor/documents/files/EO170-Phase-3-Extension.pdf,"N.C. Exec. Order No. 170 (Oct. 21, 2020)"
518652,NC,Mecklenburg County,37,119,11/13/2020,1,Yes,Official,https://files.nc.gov/governor/documents/files/EO176-Phase-3-ext.pdf,"N.C. Exec. Order No. 176 (Nov. 10, 2020)"
518653,NC,Mecklenburg County,37,119,11/14/2020,1,Yes,Official,https://files.nc.gov/governor/documents/files/EO176-Phase-3-ext.pdf,"N.C. Exec. Order No. 176 (Nov. 10, 2020)"
518654,NC,Mecklenburg County,37,119,11/15/2020,1,Yes,Official,https://files.nc.gov/governor/documents/files/EO176-Phase-3-ext.pdf,"N.C. Exec. Order No. 176 (Nov. 10, 2020)"
518655,NC,Mecklenburg County,37,119,11/16/2020,1,Yes,Official,https://files.nc.gov/governor/documents/files/EO176-Phase-3-ext.pdf,"N.C. Exec. Order No. 176 (Nov. 10, 2020)"
518656,NC,Mecklenburg County,37,119,11/17/2020,1,Yes,Official,https://files.nc.gov/governor/documents/files/EO176-Phase-3-ext.pdf,"N.C. Exec. Order No. 176 (Nov. 10, 2020)"
518657,NC,Mecklenburg County,37,119,11/18/2020,1,Yes,Official,https://files.nc.gov/governor/documents/files/EO176-Phase-3-ext.pdf,"N.C. Exec. Order No. 176 (Nov. 10, 2020)"
518658,NC,Mecklenburg County,37,119,11/19/2020,1,Yes,Official,https://files.nc.gov/governor/documents/files/EO176-Phase-3-ext.pdf,"N.C. Exec. Order No. 176 (Nov. 10, 2020)"
518659,NC,Mecklenburg County,37,119,11/20/2020,1,Yes,Official,https://files.nc.gov/governor/documents/files/EO176-Phase-3-ext.pdf,"N.C. Exec. Order No. 176 (Nov. 10, 2020)"
518660,NC,Mecklenburg County,37,119,11/21/2020,1,Yes,Official,https://files.nc.gov/governor/documents/files/EO176-Phase-3-ext.pdf,"N.C. Exec. Order No. 176 (Nov. 10, 2020)"
518661,NC,Mecklenburg County,37,119,11/22/2020,1,Yes,Official,https://files.nc.gov/governor/documents/files/EO176-Phase-3-ext.pdf,"N.C. Exec. Order No. 176 (Nov. 10, 2020)"
518662,NC,Mecklenburg County,37,119,11/23/2020,1,Yes,Official,https://files.nc.gov/governor/documents/files/EO176-Phase-3-ext.pdf,"N.C. Exec. Order No. 176 (Nov. 10, 2020)"
518663,NC,Mecklenburg County,37,119,11/24/2020,1,Yes,Official,https://files.nc.gov/governor/documents/files/EO176-Phase-3-ext.pdf,"N.C. Exec. Order No. 176 (Nov. 10, 2020)"
518664,NC,Mecklenburg County,37,119,11/25/2020,1,Yes,Official,https://files.nc.gov/governor/documents/files/EO180-Face-Coverings-Requirements.pdf,"N.C. Exec. Order No. 180 (Nov. 23, 2020)"
518665,NC,Mecklenburg County,37,119,11/26/2020,1,Yes,Official,https://files.nc.gov/governor/documents/files/EO180-Face-Coverings-Requirements.pdf,"N.C. Exec. Order No. 180 (Nov. 23, 2020)"
518666,NC,Mecklenburg County,37,119,11/27/2020,1,Yes,Official,https://files.nc.gov/governor/documents/files/EO180-Face-Coverings-Requirements.pdf,"N.C. Exec. Order No. 180 (Nov. 23, 2020)"
518667,NC,Mecklenburg County,37,119,11/28/2020,1,Yes,Official,https://files.nc.gov/governor/documents/files/EO180-Face-Coverings-Requirements.pdf,"N.C. Exec. Order No. 180 (Nov. 23, 2020)"
518668,NC,Mecklenburg County,37,119,11/29/2020,1,Yes,Official,https://files.nc.gov/governor/documents/files/EO180-Face-Coverings-Requirements.pdf,"N.C. Exec. Order No. 180 (Nov. 23, 2020)"
518669,NC,Mecklenburg County,37,119,11/30/2020,1,Yes,Official,https://files.nc.gov/governor/documents/files/EO180-Face-Coverings-Requirements.pdf,"N.C. Exec. Order No. 180 (Nov. 23, 2020)"
518671,NC,Mecklenburg County,37,119,12/1/2020,1,Yes,Official,https://files.nc.gov/governor/documents/files/EO180-Face-Coverings-Requirements.pdf,"N.C. Exec. Order No. 180 (Nov. 23, 2020)"
518672,NC,Mecklenburg County,37,119,12/2/2020,1,Yes,Official,https://files.nc.gov/governor/documents/files/EO180-Face-Coverings-Requirements.pdf,"N.C. Exec. Order No. 180 (Nov. 23, 2020)"
518673,NC,Mecklenburg County,37,119,12/3/2020,1,Yes,Official,https://files.nc.gov/governor/documents/files/EO180-Face-Coverings-Requirements.pdf,"N.C. Exec. Order No. 180 (Nov. 23, 2020)"
518674,NC,Mecklenburg County,37,119,12/4/2020,1,Yes,Official,https://files.nc.gov/governor/documents/files/EO180-Face-Coverings-Requirements.pdf,"N.C. Exec. Order No. 180 (Nov. 23, 2020)"
518675,NC,Mecklenburg County,37,119,12/5/2020,1,Yes,Official,https://files.nc.gov/governor/documents/files/EO180-Face-Coverings-Requirements.pdf,"N.C. Exec. Order No. 180 (Nov. 23, 2020)"
518676,NC,Mecklenburg County,37,119,12/6/2020,1,Yes,Official,https://files.nc.gov/governor/documents/files/EO180-Face-Coverings-Requirements.pdf,"N.C. Exec. Order No. 180 (Nov. 23, 2020)"
518677,NC,Mecklenburg County,37,119,12/7/2020,1,Yes,Official,https://files.nc.gov/governor/documents/files/EO180-Face-Coverings-Requirements.pdf,"N.C. Exec. Order No. 180 (Nov. 23, 2020)"
518678,NC,Mecklenburg County,37,119,12/8/2020,1,Yes,Official,https://files.nc.gov/governor/documents/files/EO180-Face-Coverings-Requirements.pdf,"N.C. Exec. Order No. 180 (Nov. 23, 2020)"
518679,NC,Mecklenburg County,37,119,12/9/2020,1,Yes,Official,https://files.nc.gov/governor/documents/files/EO180-Face-Coverings-Requirements.pdf,"N.C. Exec. Order No. 180 (Nov. 23, 2020)"
518680,NC,Mecklenburg County,37,119,12/10/2020,1,Yes,Official,https://files.nc.gov/governor/documents/files/EO180-Face-Coverings-Requirements.pdf,"N.C. Exec. Order No. 180 (Nov. 23, 2020)"
518681,NC,Mecklenburg County,37,119,12/11/2020,1,Yes,Official,https://files.nc.gov/governor/documents/files/EO181-Modified-Stay-at-Home-Early-Closure-Order.pdf,"N.C. Exec. Order No. 181 (Dec. 8, 2020)"
518682,NC,Mecklenburg County,37,119,12/12/2020,1,Yes,Official,https://files.nc.gov/governor/documents/files/EO181-Modified-Stay-at-Home-Early-Closure-Order.pdf,"N.C. Exec. Order No. 181 (Dec. 8, 2020)"
518683,NC,Mecklenburg County,37,119,12/13/2020,1,Yes,Official,https://files.nc.gov/governor/documents/files/EO181-Modified-Stay-at-Home-Early-Closure-Order.pdf,"N.C. Exec. Order No. 181 (Dec. 8, 2020)"
518684,NC,Mecklenburg County,37,119,12/14/2020,1,Yes,Official,https://files.nc.gov/governor/documents/files/EO181-Modified-Stay-at-Home-Early-Closure-Order.pdf,"N.C. Exec. Order No. 181 (Dec. 8, 2020)"
518685,NC,Mecklenburg County,37,119,12/15/2020,1,Yes,Official,https://files.nc.gov/governor/documents/files/EO181-Modified-Stay-at-Home-Early-Closure-Order.pdf,"N.C. Exec. Order No. 181 (Dec. 8, 2020)"
518686,NC,Mecklenburg County,37,119,12/16/2020,1,Yes,Official,https://files.nc.gov/governor/documents/files/EO181-Modified-Stay-at-Home-Early-Closure-Order.pdf,"N.C. Exec. Order No. 181 (Dec. 8, 2020)"
518687,NC,Mecklenburg County,37,119,12/17/2020,1,Yes,Official,https://files.nc.gov/governor/documents/files/EO181-Modified-Stay-at-Home-Early-Closure-Order.pdf,"N.C. Exec. Order No. 181 (Dec. 8, 2020)"
518688,NC,Mecklenburg County,37,119,12/18/2020,1,Yes,Official,https://files.nc.gov/governor/documents/files/EO181-Modified-Stay-at-Home-Early-Closure-Order.pdf,"N.C. Exec. Order No. 181 (Dec. 8, 2020)"
518689,NC,Mecklenburg County,37,119,12/19/2020,1,Yes,Official,https://files.nc.gov/governor/documents/files/EO181-Modified-Stay-at-Home-Early-Closure-Order.pdf,"N.C. Exec. Order No. 181 (Dec. 8, 2020)"
518690,NC,Mecklenburg County,37,119,12/20/2020,1,Yes,Official,https://files.nc.gov/governor/documents/files/EO181-Modified-Stay-at-Home-Early-Closure-Order.pdf,"N.C. Exec. Order No. 181 (Dec. 8, 2020)"
518691,NC,Mecklenburg County,37,119,12/21/2020,1,Yes,Official,https://files.nc.gov/governor/documents/files/EO181-Modified-Stay-at-Home-Early-Closure-Order.pdf,"N.C. Exec. Order No. 181 (Dec. 8, 2020)"
518692,NC,Mecklenburg County,37,119,12/22/2020,1,Yes,Official,https://files.nc.gov/governor/documents/files/EO181-Modified-Stay-at-Home-Early-Closure-Order.pdf,"N.C. Exec. Order No. 181 (Dec. 8, 2020)"
518693,NC,Mecklenburg County,37,119,12/23/2020,1,Yes,Official,https://files.nc.gov/governor/documents/files/EO181-Modified-Stay-at-Home-Early-Closure-Order.pdf,"N.C. Exec. Order No. 181 (Dec. 8, 2020)"
518694,NC,Mecklenburg County,37,119,12/24/2020,1,Yes,Official,https://files.nc.gov/governor/documents/files/EO181-Modified-Stay-at-Home-Early-Closure-Order.pdf,"N.C. Exec. Order No. 181 (Dec. 8, 2020)"
518695,NC,Mecklenburg County,37,119,12/25/2020,1,Yes,Official,https://files.nc.gov/governor/documents/files/EO181-Modified-Stay-at-Home-Early-Closure-Order.pdf,"N.C. Exec. Order No. 181 (Dec. 8, 2020)"
518696,NC,Mecklenburg County,37,119,12/26/2020,1,Yes,Official,https://files.nc.gov/governor/documents/files/EO181-Modified-Stay-at-Home-Early-Closure-Order.pdf,"N.C. Exec. Order No. 181 (Dec. 8, 2020)"
518697,NC,Mecklenburg County,37,119,12/27/2020,1,Yes,Official,https://files.nc.gov/governor/documents/files/EO181-Modified-Stay-at-Home-Early-Closure-Order.pdf,"N.C. Exec. Order No. 181 (Dec. 8, 2020)"
518698,NC,Mecklenburg County,37,119,12/28/2020,1,Yes,Official,https://files.nc.gov/governor/documents/files/EO181-Modified-Stay-at-Home-Early-Closure-Order.pdf,"N.C. Exec. Order No. 181 (Dec. 8, 2020)"
518699,NC,Mecklenburg County,37,119,12/29/2020,1,Yes,Official,https://files.nc.gov/governor/documents/files/EO181-Modified-Stay-at-Home-Early-Closure-Order.pdf,"N.C. Exec. Order No. 181 (Dec. 8, 2020)"
518700,NC,Mecklenburg County,37,119,12/30/2020,1,Yes,Official,https://files.nc.gov/governor/documents/files/EO181-Modified-Stay-at-Home-Early-Closure-Order.pdf,"N.C. Exec. Order No. 181 (Dec. 8, 2020)"
518701,NC,Mecklenburg County,37,119,12/31/2020,1,Yes,Official,https://files.nc.gov/governor/documents/files/EO181-Modified-Stay-at-Home-Early-Closure-Order.pdf,"N.C. Exec. Order No. 181 (Dec. 8, 2020)"
1302742,NC,Mecklenburg County,37,119,1/1/2021,1,Yes,Official,https://files.nc.gov/governor/documents/files/EO181-Modified-Stay-at-Home-Early-Closure-Order.pdf,"N.C. Exec. Order No. 181 (Dec. 8, 2020)"
1302743,NC,Mecklenburg County,37,119,1/2/2021,1,Yes,Official,https://files.nc.gov/governor/documents/files/EO181-Modified-Stay-at-Home-Early-Closure-Order.pdf,"N.C. Exec. Order No. 181 (Dec. 8, 2020)"
1302744,NC,Mecklenburg County,37,119,1/3/2021,1,Yes,Official,https://files.nc.gov/governor/documents/files/EO181-Modified-Stay-at-Home-Early-Closure-Order.pdf,"N.C. Exec. Order No. 181 (Dec. 8, 2020)"
1302745,NC,Mecklenburg County,37,119,1/4/2021,1,Yes,Official,https://files.nc.gov/governor/documents/files/EO181-Modified-Stay-at-Home-Early-Closure-Order.pdf,"N.C. Exec. Order No. 181 (Dec. 8, 2020)"
1302746,NC,Mecklenburg County,37,119,1/5/2021,1,Yes,Official,https://files.nc.gov/governor/documents/files/EO181-Modified-Stay-at-Home-Early-Closure-Order.pdf,"N.C. Exec. Order No. 181 (Dec. 8, 2020)"
1302747,NC,Mecklenburg County,37,119,1/6/2021,1,Yes,Official,https://files.nc.gov/covid/documents/NCDHHS-Secretarial-Directive-January-6-2021.pdf,"N.C. Health Directive  (Jan. 6, 2021)"
1302749,NC,Mecklenburg County,37,119,1/7/2021,1,Yes,Official,https://files.nc.gov/covid/documents/NCDHHS-Secretarial-Directive-January-6-2021.pdf,"N.C. Health Directive  (Jan. 6, 2021)"
1302750,NC,Mecklenburg County,37,119,1/8/2021,1,Yes,Official,https://files.nc.gov/governor/documents/files/EO188-Extension-of-Modified-Stay-at-Home-Order.pdf,"N.C. Exec. Order No. 188 (Jan. 6, 2021)"
1302751,NC,Mecklenburg County,37,119,1/9/2021,1,Yes,Official,https://files.nc.gov/governor/documents/files/EO188-Extension-of-Modified-Stay-at-Home-Order.pdf,"N.C. Exec. Order No. 188 (Jan. 6, 2021)"
1302752,NC,Mecklenburg County,37,119,1/10/2021,1,Yes,Official,https://files.nc.gov/governor/documents/files/EO188-Extension-of-Modified-Stay-at-Home-Order.pdf,"N.C. Exec. Order No. 188 (Jan. 6, 2021)"
1302753,NC,Mecklenburg County,37,119,1/11/2021,1,Yes,Official,https://files.nc.gov/governor/documents/files/EO188-Extension-of-Modified-Stay-at-Home-Order.pdf,"N.C. Exec. Order No. 188 (Jan. 6, 2021)"
1302754,NC,Mecklenburg County,37,119,1/12/2021,1,Yes,Official,https://files.nc.gov/governor/documents/files/EO188-Extension-of-Modified-Stay-at-Home-Order.pdf,"N.C. Exec. Order No. 188 (Jan. 6, 2021)"
1302755,NC,Mecklenburg County,37,119,1/13/2021,1,Yes,Official,https://files.nc.gov/governor/documents/files/EO188-Extension-of-Modified-Stay-at-Home-Order.pdf,"N.C. Exec. Order No. 188 (Jan. 6, 2021)"
1302756,NC,Mecklenburg County,37,119,1/14/2021,1,Yes,Official,https://files.nc.gov/governor/documents/files/EO188-Extension-of-Modified-Stay-at-Home-Order.pdf,"N.C. Exec. Order No. 188 (Jan. 6, 2021)"
1302757,NC,Mecklenburg County,37,119,1/15/2021,1,Yes,Official,https://files.nc.gov/governor/documents/files/EO188-Extension-of-Modified-Stay-at-Home-Order.pdf,"N.C. Exec. Order No. 188 (Jan. 6, 2021)"
1302758,NC,Mecklenburg County,37,119,1/16/2021,1,Yes,Official,https://files.nc.gov/governor/documents/files/EO188-Extension-of-Modified-Stay-at-Home-Order.pdf,"N.C. Exec. Order No. 188 (Jan. 6, 2021)"
1302759,NC,Mecklenburg County,37,119,1/17/2021,1,Yes,Official,https://files.nc.gov/governor/documents/files/EO188-Extension-of-Modified-Stay-at-Home-Order.pdf,"N.C. Exec. Order No. 188 (Jan. 6, 2021)"
1302760,NC,Mecklenburg County,37,119,1/18/2021,1,Yes,Official,https://files.nc.gov/governor/documents/files/EO188-Extension-of-Modified-Stay-at-Home-Order.pdf,"N.C. Exec. Order No. 188 (Jan. 6, 2021)"
1302761,NC,Mecklenburg County,37,119,1/19/2021,1,Yes,Official,https://files.nc.gov/governor/documents/files/EO188-Extension-of-Modified-Stay-at-Home-Order.pdf,"N.C. Exec. Order No. 188 (Jan. 6, 2021)"
1302762,NC,Mecklenburg County,37,119,1/20/2021,1,Yes,Official,https://files.nc.gov/governor/documents/files/EO188-Extension-of-Modified-Stay-at-Home-Order.pdf,"N.C. Exec. Order No. 188 (Jan. 6, 2021)"
1302763,NC,Mecklenburg County,37,119,1/21/2021,1,Yes,Official,https://files.nc.gov/governor/documents/files/EO188-Extension-of-Modified-Stay-at-Home-Order.pdf,"N.C. Exec. Order No. 188 (Jan. 6, 2021)"
1302764,NC,Mecklenburg County,37,119,1/22/2021,1,Yes,Official,https://files.nc.gov/governor/documents/files/EO188-Extension-of-Modified-Stay-at-Home-Order.pdf,"N.C. Exec. Order No. 188 (Jan. 6, 2021)"
1302765,NC,Mecklenburg County,37,119,1/23/2021,1,Yes,Official,https://files.nc.gov/governor/documents/files/EO188-Extension-of-Modified-Stay-at-Home-Order.pdf,"N.C. Exec. Order No. 188 (Jan. 6, 2021)"
1302766,NC,Mecklenburg County,37,119,1/24/2021,1,Yes,Official,https://files.nc.gov/governor/documents/files/EO188-Extension-of-Modified-Stay-at-Home-Order.pdf,"N.C. Exec. Order No. 188 (Jan. 6, 2021)"
1302767,NC,Mecklenburg County,37,119,1/25/2021,1,Yes,Official,https://files.nc.gov/governor/documents/files/EO188-Extension-of-Modified-Stay-at-Home-Order.pdf,"N.C. Exec. Order No. 188 (Jan. 6, 2021)"
1302768,NC,Mecklenburg County,37,119,1/26/2021,1,Yes,Official,https://files.nc.gov/governor/documents/files/EO188-Extension-of-Modified-Stay-at-Home-Order.pdf,"N.C. Exec. Order No. 188 (Jan. 6, 2021)"
1302769,NC,Mecklenburg County,37,119,1/27/2021,1,Yes,Official,https://files.nc.gov/governor/documents/files/EO188-Extension-of-Modified-Stay-at-Home-Order.pdf,"N.C. Exec. Order No. 188 (Jan. 6, 2021)"
1302770,NC,Mecklenburg County,37,119,1/28/2021,1,Yes,Official,https://files.nc.gov/governor/documents/files/EO188-Extension-of-Modified-Stay-at-Home-Order.pdf,"N.C. Exec. Order No. 188 (Jan. 6, 2021)"
1302771,NC,Mecklenburg County,37,119,1/29/2021,1,Yes,Official,https://files.nc.gov/governor/documents/files/EO189-Further-Extension-of-Stay-at-Home-Order.pdf,"N.C. Exec. Order No. 189 (Jan. 27, 2021)"
1302772,NC,Mecklenburg County,37,119,1/30/2021,1,Yes,Official,https://files.nc.gov/governor/documents/files/EO189-Further-Extension-of-Stay-at-Home-Order.pdf,"N.C. Exec. Order No. 189 (Jan. 27, 2021)"
1302773,NC,Mecklenburg County,37,119,1/31/2021,1,Yes,Official,https://files.nc.gov/governor/documents/files/EO189-Further-Extension-of-Stay-at-Home-Order.pdf,"N.C. Exec. Order No. 189 (Jan. 27, 2021)"
1302774,NC,Mecklenburg County,37,119,2/1/2021,1,Yes,Official,https://files.nc.gov/governor/documents/files/EO189-Further-Extension-of-Stay-at-Home-Order.pdf,"N.C. Exec. Order No. 189 (Jan. 27, 2021)"
1302775,NC,Mecklenburg County,37,119,2/2/2021,1,Yes,Official,https://files.nc.gov/governor/documents/files/EO189-Further-Extension-of-Stay-at-Home-Order.pdf,"N.C. Exec. Order No. 189 (Jan. 27, 2021)"
1302776,NC,Mecklenburg County,37,119,2/3/2021,1,Yes,Official,https://files.nc.gov/governor/documents/files/EO189-Further-Extension-of-Stay-at-Home-Order.pdf,"N.C. Exec. Order No. 189 (Jan. 27, 2021)"
1302777,NC,Mecklenburg County,37,119,2/4/2021,1,Yes,Official,https://files.nc.gov/governor/documents/files/EO189-Further-Extension-of-Stay-at-Home-Order.pdf,"N.C. Exec. Order No. 189 (Jan. 27, 2021)"
1302778,NC,Mecklenburg County,37,119,2/5/2021,1,Yes,Official,https://files.nc.gov/governor/documents/files/EO189-Further-Extension-of-Stay-at-Home-Order.pdf,"N.C. Exec. Order No. 189 (Jan. 27, 2021)"
1302780,NC,Mecklenburg County,37,119,2/6/2021,1,Yes,Official,https://files.nc.gov/governor/documents/files/EO189-Further-Extension-of-Stay-at-Home-Order.pdf,"N.C. Exec. Order No. 189 (Jan. 27, 2021)"
1302781,NC,Mecklenburg County,37,119,2/7/2021,1,Yes,Official,https://files.nc.gov/governor/documents/files/EO189-Further-Extension-of-Stay-at-Home-Order.pdf,"N.C. Exec. Order No. 189 (Jan. 27, 2021)"
1302782,NC,Mecklenburg County,37,119,2/8/2021,1,Yes,Official,https://files.nc.gov/governor/documents/files/EO189-Further-Extension-of-Stay-at-Home-Order.pdf,"N.C. Exec. Order No. 189 (Jan. 27, 2021)"
1302783,NC,Mecklenburg County,37,119,2/9/2021,1,Yes,Official,https://files.nc.gov/governor/documents/files/EO189-Further-Extension-of-Stay-at-Home-Order.pdf,"N.C. Exec. Order No. 189 (Jan. 27, 2021)"
1302784,NC,Mecklenburg County,37,119,2/10/2021,1,Yes,Official,https://files.nc.gov/governor/documents/files/EO189-Further-Extension-of-Stay-at-Home-Order.pdf,"N.C. Exec. Order No. 189 (Jan. 27, 2021)"
1302785,NC,Mecklenburg County,37,119,2/11/2021,1,Yes,Official,https://files.nc.gov/governor/documents/files/EO189-Further-Extension-of-Stay-at-Home-Order.pdf,"N.C. Exec. Order No. 189 (Jan. 27, 2021)"
1302786,NC,Mecklenburg County,37,119,2/12/2021,1,Yes,Official,https://files.nc.gov/governor/documents/files/EO189-Further-Extension-of-Stay-at-Home-Order.pdf,"N.C. Exec. Order No. 189 (Jan. 27, 2021)"
1302787,NC,Mecklenburg County,37,119,2/13/2021,1,Yes,Official,https://files.nc.gov/governor/documents/files/EO189-Further-Extension-of-Stay-at-Home-Order.pdf,"N.C. Exec. Order No. 189 (Jan. 27, 2021)"
1302788,NC,Mecklenburg County,37,119,2/14/2021,1,Yes,Official,https://files.nc.gov/governor/documents/files/EO189-Further-Extension-of-Stay-at-Home-Order.pdf,"N.C. Exec. Order No. 189 (Jan. 27, 2021)"
1302789,NC,Mecklenburg County,37,119,2/15/2021,1,Yes,Official,https://files.nc.gov/governor/documents/files/EO189-Further-Extension-of-Stay-at-Home-Order.pdf,"N.C. Exec. Order No. 189 (Jan. 27, 2021)"
1302790,NC,Mecklenburg County,37,119,2/16/2021,1,Yes,Official,https://files.nc.gov/governor/documents/files/EO189-Further-Extension-of-Stay-at-Home-Order.pdf,"N.C. Exec. Order No. 189 (Jan. 27, 2021)"
1302791,NC,Mecklenburg County,37,119,2/17/2021,1,Yes,Official,https://files.nc.gov/governor/documents/files/EO189-Further-Extension-of-Stay-at-Home-Order.pdf,"N.C. Exec. Order No. 189 (Jan. 27, 2021)"
1302792,NC,Mecklenburg County,37,119,2/18/2021,1,Yes,Official,https://files.nc.gov/governor/documents/files/EO189-Further-Extension-of-Stay-at-Home-Order.pdf,"N.C. Exec. Order No. 189 (Jan. 27, 2021)"
1302793,NC,Mecklenburg County,37,119,2/19/2021,1,Yes,Official,https://files.nc.gov/governor/documents/files/EO189-Further-Extension-of-Stay-at-Home-Order.pdf,"N.C. Exec. Order No. 189 (Jan. 27, 2021)"
1302794,NC,Mecklenburg County,37,119,2/20/2021,1,Yes,Official,https://files.nc.gov/governor/documents/files/EO189-Further-Extension-of-Stay-at-Home-Order.pdf,"N.C. Exec. Order No. 189 (Jan. 27, 2021)"
1302795,NC,Mecklenburg County,37,119,2/21/2021,1,Yes,Official,https://files.nc.gov/governor/documents/files/EO189-Further-Extension-of-Stay-at-Home-Order.pdf,"N.C. Exec. Order No. 189 (Jan. 27, 2021)"
1302796,NC,Mecklenburg County,37,119,2/22/2021,1,Yes,Official,https://files.nc.gov/governor/documents/files/EO189-Further-Extension-of-Stay-at-Home-Order.pdf,"N.C. Exec. Order No. 189 (Jan. 27, 2021)"
1302797,NC,Mecklenburg County,37,119,2/23/2021,1,Yes,Official,https://files.nc.gov/governor/documents/files/EO189-Further-Extension-of-Stay-at-Home-Order.pdf,"N.C. Exec. Order No. 189 (Jan. 27, 2021)"
1302798,NC,Mecklenburg County,37,119,2/24/2021,1,Yes,Official,https://files.nc.gov/governor/documents/files/EO189-Further-Extension-of-Stay-at-Home-Order.pdf,"N.C. Exec. Order No. 189 (Jan. 27, 2021)"
1302799,NC,Mecklenburg County,37,119,2/25/2021,1,Yes,Official,https://files.nc.gov/governor/documents/files/EO189-Further-Extension-of-Stay-at-Home-Order.pdf,"N.C. Exec. Order No. 189 (Jan. 27, 2021)"
1302800,NC,Mecklenburg County,37,119,2/26/2021,1,Yes,Official,https://files.nc.gov/governor/documents/files/EO195-Easing-Restrictions.pdf,"N.C. Exec. Order No. 195 (Feb. 24, 2021)"
1302801,NC,Mecklenburg County,37,119,2/27/2021,1,Yes,Official,https://files.nc.gov/governor/documents/files/EO195-Easing-Restrictions.pdf,"N.C. Exec. Order No. 195 (Feb. 24, 2021)"
1302802,NC,Mecklenburg County,37,119,2/28/2021,1,Yes,Official,https://files.nc.gov/governor/documents/files/EO195-Easing-Restrictions.pdf,"N.C. Exec. Order No. 195 (Feb. 24, 2021)"
1302803,NC,Mecklenburg County,37,119,3/1/2021,1,Yes,Official,https://files.nc.gov/governor/documents/files/EO195-Easing-Restrictions.pdf,"N.C. Exec. Order No. 195 (Feb. 24, 2021)"
1302804,NC,Mecklenburg County,37,119,3/2/2021,1,Yes,Official,https://files.nc.gov/governor/documents/files/EO195-Easing-Restrictions.pdf,"N.C. Exec. Order No. 195 (Feb. 24, 2021)"
1302805,NC,Mecklenburg County,37,119,3/3/2021,1,Yes,Official,https://files.nc.gov/governor/documents/files/EO195-Easing-Restrictions.pdf,"N.C. Exec. Order No. 195 (Feb. 24, 2021)"
1302806,NC,Mecklenburg County,37,119,3/4/2021,1,Yes,Official,https://files.nc.gov/governor/documents/files/EO195-Easing-Restrictions.pdf,"N.C. Exec. Order No. 195 (Feb. 24, 2021)"
1302807,NC,Mecklenburg County,37,119,3/5/2021,1,Yes,Official,https://files.nc.gov/governor/documents/files/EO195-Easing-Restrictions.pdf,"N.C. Exec. Order No. 195 (Feb. 24, 2021)"
1302808,NC,Mecklenburg County,37,119,3/6/2021,1,Yes,Official,https://files.nc.gov/governor/documents/files/EO195-Easing-Restrictions.pdf,"N.C. Exec. Order No. 195 (Feb. 24, 2021)"
1302809,NC,Mecklenburg County,37,119,3/7/2021,1,Yes,Official,https://files.nc.gov/governor/documents/files/EO195-Easing-Restrictions.pdf,"N.C. Exec. Order No. 195 (Feb. 24, 2021)"
1302810,NC,Mecklenburg County,37,119,3/8/2021,1,Yes,Official,https://files.nc.gov/governor/documents/files/EO195-Easing-Restrictions.pdf,"N.C. Exec. Order No. 195 (Feb. 24, 2021)"
1302811,NC,Mecklenburg County,37,119,3/9/2021,1,Yes,Official,https://files.nc.gov/governor/documents/files/EO195-Easing-Restrictions.pdf,"N.C. Exec. Order No. 195 (Feb. 24, 2021)"
1302812,NC,Mecklenburg County,37,119,3/10/2021,1,Yes,Official,https://files.nc.gov/governor/documents/files/EO195-Easing-Restrictions.pdf,"N.C. Exec. Order No. 195 (Feb. 24, 2021)"
1302813,NC,Mecklenburg County,37,119,3/11/2021,1,Yes,Official,https://files.nc.gov/governor/documents/files/EO195-Easing-Restrictions.pdf,"N.C. Exec. Order No. 195 (Feb. 24, 2021)"
1302814,NC,Mecklenburg County,37,119,3/12/2021,1,Yes,Official,https://files.nc.gov/governor/documents/files/EO195-Easing-Restrictions.pdf,"N.C. Exec. Order No. 195 (Feb. 24, 2021)"
1302815,NC,Mecklenburg County,37,119,3/13/2021,1,Yes,Official,https://files.nc.gov/governor/documents/files/EO195-Easing-Restrictions.pdf,"N.C. Exec. Order No. 195 (Feb. 24, 2021)"
1302816,NC,Mecklenburg County,37,119,3/14/2021,1,Yes,Official,https://files.nc.gov/governor/documents/files/EO195-Easing-Restrictions.pdf,"N.C. Exec. Order No. 195 (Feb. 24, 2021)"
1302817,NC,Mecklenburg County,37,119,3/15/2021,1,Yes,Official,https://files.nc.gov/governor/documents/files/EO195-Easing-Restrictions.pdf,"N.C. Exec. Order No. 195 (Feb. 24, 2021)"
1302818,NC,Mecklenburg County,37,119,3/16/2021,1,Yes,Official,https://files.nc.gov/governor/documents/files/EO195-Easing-Restrictions.pdf,"N.C. Exec. Order No. 195 (Feb. 24, 2021)"
1302819,NC,Mecklenburg County,37,119,3/17/2021,1,Yes,Official,https://files.nc.gov/governor/documents/files/EO195-Easing-Restrictions.pdf,"N.C. Exec. Order No. 195 (Feb. 24, 2021)"
1302820,NC,Mecklenburg County,37,119,3/18/2021,1,Yes,Official,https://files.nc.gov/governor/documents/files/EO195-Easing-Restrictions.pdf,"N.C. Exec. Order No. 195 (Feb. 24, 2021)"
1302821,NC,Mecklenburg County,37,119,3/19/2021,1,Yes,Official,https://files.nc.gov/governor/documents/files/EO195-Easing-Restrictions.pdf,"N.C. Exec. Order No. 195 (Feb. 24, 2021)"
1302822,NC,Mecklenburg County,37,119,3/20/2021,1,Yes,Official,https://files.nc.gov/governor/documents/files/EO195-Easing-Restrictions.pdf,"N.C. Exec. Order No. 195 (Feb. 24, 2021)"
1302823,NC,Mecklenburg County,37,119,3/21/2021,1,Yes,Official,https://files.nc.gov/governor/documents/files/EO195-Easing-Restrictions.pdf,"N.C. Exec. Order No. 195 (Feb. 24, 2021)"
1302824,NC,Mecklenburg County,37,119,3/22/2021,1,Yes,Official,https://files.nc.gov/governor/documents/files/EO195-Easing-Restrictions.pdf,"N.C. Exec. Order No. 195 (Feb. 24, 2021)"
1302825,NC,Mecklenburg County,37,119,3/23/2021,1,Yes,Official,https://files.nc.gov/governor/documents/files/EO195-Easing-Restrictions.pdf,"N.C. Exec. Order No. 195 (Feb. 24, 2021)"
1302826,NC,Mecklenburg County,37,119,3/24/2021,1,Yes,Official,https://files.nc.gov/governor/documents/files/EO195-Easing-Restrictions.pdf,"N.C. Exec. Order No. 195 (Feb. 24, 2021)"
1302827,NC,Mecklenburg County,37,119,3/25/2021,1,Yes,Official,https://files.nc.gov/governor/documents/files/EO195-Easing-Restrictions.pdf,"N.C. Exec. Order No. 195 (Feb. 24, 2021)"
1302828,NC,Mecklenburg County,37,119,3/26/2021,1,Yes,Official,https://files.nc.gov/governor/documents/files/EO204-Further-Easing-Restrictions.pdf,"N.C. Exec. Order No. 204 (Mar. 23, 2021)"
1302829,NC,Mecklenburg County,37,119,3/27/2021,1,Yes,Official,https://files.nc.gov/governor/documents/files/EO204-Further-Easing-Restrictions.pdf,"N.C. Exec. Order No. 204 (Mar. 23, 2021)"
1302830,NC,Mecklenburg County,37,119,3/28/2021,1,Yes,Official,https://files.nc.gov/governor/documents/files/EO204-Further-Easing-Restrictions.pdf,"N.C. Exec. Order No. 204 (Mar. 23, 2021)"
1302831,NC,Mecklenburg County,37,119,3/29/2021,1,Yes,Official,https://files.nc.gov/governor/documents/files/EO204-Further-Easing-Restrictions.pdf,"N.C. Exec. Order No. 204 (Mar. 23, 2021)"
1302832,NC,Mecklenburg County,37,119,3/30/2021,1,Yes,Official,https://files.nc.gov/governor/documents/files/EO204-Further-Easing-Restrictions.pdf,"N.C. Exec. Order No. 204 (Mar. 23, 2021)"
1302833,NC,Mecklenburg County,37,119,3/31/2021,1,Yes,Official,https://files.nc.gov/governor/documents/files/EO204-Further-Easing-Restrictions.pdf,"N.C. Exec. Order No. 204 (Mar. 23, 2021)"
1302834,NC,Mecklenburg County,37,119,4/1/2021,1,Yes,Official,https://files.nc.gov/governor/documents/files/EO204-Further-Easing-Restrictions.pdf,"N.C. Exec. Order No. 204 (Mar. 23, 2021)"
1302835,NC,Mecklenburg County,37,119,4/2/2021,1,Yes,Official,https://files.nc.gov/governor/documents/files/EO204-Further-Easing-Restrictions.pdf,"N.C. Exec. Order No. 204 (Mar. 23, 2021)"
1302836,NC,Mecklenburg County,37,119,4/3/2021,1,Yes,Official,https://files.nc.gov/governor/documents/files/EO204-Further-Easing-Restrictions.pdf,"N.C. Exec. Order No. 204 (Mar. 23, 2021)"
1302837,NC,Mecklenburg County,37,119,4/4/2021,1,Yes,Official,https://files.nc.gov/governor/documents/files/EO204-Further-Easing-Restrictions.pdf,"N.C. Exec. Order No. 204 (Mar. 23, 2021)"
1302838,NC,Mecklenburg County,37,119,4/5/2021,1,Yes,Official,https://files.nc.gov/governor/documents/files/EO204-Further-Easing-Restrictions.pdf,"N.C. Exec. Order No. 204 (Mar. 23, 2021)"
1302839,NC,Mecklenburg County,37,119,4/6/2021,1,Yes,Official,https://files.nc.gov/governor/documents/files/EO204-Further-Easing-Restrictions.pdf,"N.C. Exec. Order No. 204 (Mar. 23, 2021)"
1302840,NC,Mecklenburg County,37,119,4/7/2021,1,Yes,Official,https://files.nc.gov/governor/documents/files/EO204-Further-Easing-Restrictions.pdf,"N.C. Exec. Order No. 204 (Mar. 23, 2021)"
1302841,NC,Mecklenburg County,37,119,4/8/2021,1,Yes,Official,https://files.nc.gov/governor/documents/files/EO204-Further-Easing-Restrictions.pdf,"N.C. Exec. Order No. 204 (Mar. 23, 2021)"
1302843,NC,Mecklenburg County,37,119,4/9/2021,1,Yes,Official,https://files.nc.gov/governor/documents/files/EO204-Further-Easing-Restrictions.pdf,"N.C. Exec. Order No. 204 (Mar. 23, 2021)"
1302844,NC,Mecklenburg County,37,119,4/10/2021,1,Yes,Official,https://files.nc.gov/governor/documents/files/EO204-Further-Easing-Restrictions.pdf,"N.C. Exec. Order No. 204 (Mar. 23, 2021)"
1302845,NC,Mecklenburg County,37,119,4/11/2021,1,Yes,Official,https://files.nc.gov/governor/documents/files/EO204-Further-Easing-Restrictions.pdf,"N.C. Exec. Order No. 204 (Mar. 23, 2021)"
1302846,NC,Mecklenburg County,37,119,4/12/2021,1,Yes,Official,https://files.nc.gov/governor/documents/files/EO204-Further-Easing-Restrictions.pdf,"N.C. Exec. Order No. 204 (Mar. 23, 2021)"
1302847,NC,Mecklenburg County,37,119,4/13/2021,1,Yes,Official,https://files.nc.gov/governor/documents/files/EO204-Further-Easing-Restrictions.pdf,"N.C. Exec. Order No. 204 (Mar. 23, 2021)"
1302848,NC,Mecklenburg County,37,119,4/14/2021,1,Yes,Official,https://files.nc.gov/governor/documents/files/EO204-Further-Easing-Restrictions.pdf,"N.C. Exec. Order No. 204 (Mar. 23, 2021)"
1302849,NC,Mecklenburg County,37,119,4/15/2021,1,Yes,Official,https://files.nc.gov/governor/documents/files/EO204-Further-Easing-Restrictions.pdf,"N.C. Exec. Order No. 204 (Mar. 23, 2021)"
1302850,NC,Mecklenburg County,37,119,4/16/2021,1,Yes,Official,https://files.nc.gov/governor/documents/files/EO204-Further-Easing-Restrictions.pdf,"N.C. Exec. Order No. 204 (Mar. 23, 2021)"
1302851,NC,Mecklenburg County,37,119,4/17/2021,1,Yes,Official,https://files.nc.gov/governor/documents/files/EO204-Further-Easing-Restrictions.pdf,"N.C. Exec. Order No. 204 (Mar. 23, 2021)"
1302852,NC,Mecklenburg County,37,119,4/18/2021,1,Yes,Official,https://files.nc.gov/governor/documents/files/EO204-Further-Easing-Restrictions.pdf,"N.C. Exec. Order No. 204 (Mar. 23, 2021)"
1302853,NC,Mecklenburg County,37,119,4/19/2021,1,Yes,Official,https://files.nc.gov/governor/documents/files/EO204-Further-Easing-Restrictions.pdf,"N.C. Exec. Order No. 204 (Mar. 23, 2021)"
1302854,NC,Mecklenburg County,37,119,4/20/2021,1,Yes,Official,https://files.nc.gov/governor/documents/files/EO204-Further-Easing-Restrictions.pdf,"N.C. Exec. Order No. 204 (Mar. 23, 2021)"
1302855,NC,Mecklenburg County,37,119,4/21/2021,1,Yes,Official,https://files.nc.gov/governor/documents/files/EO204-Further-Easing-Restrictions.pdf,"N.C. Exec. Order No. 204 (Mar. 23, 2021)"
1302856,NC,Mecklenburg County,37,119,4/22/2021,1,Yes,Official,https://files.nc.gov/governor/documents/files/EO204-Further-Easing-Restrictions.pdf,"N.C. Exec. Order No. 204 (Mar. 23, 2021)"
1302857,NC,Mecklenburg County,37,119,4/23/2021,1,Yes,Official,https://files.nc.gov/governor/documents/files/EO204-Further-Easing-Restrictions.pdf,"N.C. Exec. Order No. 204 (Mar. 23, 2021)"
1302858,NC,Mecklenburg County,37,119,4/24/2021,1,Yes,Official,https://files.nc.gov/governor/documents/files/EO204-Further-Easing-Restrictions.pdf,"N.C. Exec. Order No. 204 (Mar. 23, 2021)"
1302859,NC,Mecklenburg County,37,119,4/25/2021,1,Yes,Official,https://files.nc.gov/governor/documents/files/EO204-Further-Easing-Restrictions.pdf,"N.C. Exec. Order No. 204 (Mar. 23, 2021)"
1302860,NC,Mecklenburg County,37,119,4/26/2021,1,Yes,Official,https://files.nc.gov/governor/documents/files/EO204-Further-Easing-Restrictions.pdf,"N.C. Exec. Order No. 204 (Mar. 23, 2021)"
1302861,NC,Mecklenburg County,37,119,4/27/2021,1,Yes,Official,https://files.nc.gov/governor/documents/files/EO204-Further-Easing-Restrictions.pdf,"N.C. Exec. Order No. 204 (Mar. 23, 2021)"
1302862,NC,Mecklenburg County,37,119,4/28/2021,1,Yes,Official,https://files.nc.gov/governor/documents/files/EO204-Further-Easing-Restrictions.pdf,"N.C. Exec. Order No. 204 (Mar. 23, 2021)"
1302863,NC,Mecklenburg County,37,119,4/29/2021,1,Yes,Official,https://files.nc.gov/governor/documents/files/EO204-Further-Easing-Restrictions.pdf,"N.C. Exec. Order No. 204 (Mar. 23, 2021)"
1302864,NC,Mecklenburg County,37,119,4/30/2021,1,Yes,Official,https://files.nc.gov/governor/documents/files/EO209-Easing-Statewide-Restrictions.pdf,"N.C. Exec. Order No. 209 (Apr. 28, 2021)"
1302865,NC,Mecklenburg County,37,119,5/1/2021,1,Yes,Official,https://files.nc.gov/governor/documents/files/EO209-Easing-Statewide-Restrictions.pdf,"N.C. Exec. Order No. 209 (Apr. 28, 2021)"
1302866,NC,Mecklenburg County,37,119,5/2/2021,1,Yes,Official,https://files.nc.gov/governor/documents/files/EO209-Easing-Statewide-Restrictions.pdf,"N.C. Exec. Order No. 209 (Apr. 28, 2021)"
1302867,NC,Mecklenburg County,37,119,5/3/2021,1,Yes,Official,https://files.nc.gov/governor/documents/files/EO209-Easing-Statewide-Restrictions.pdf,"N.C. Exec. Order No. 209 (Apr. 28, 2021)"
1302868,NC,Mecklenburg County,37,119,5/4/2021,1,Yes,Official,https://files.nc.gov/governor/documents/files/EO209-Easing-Statewide-Restrictions.pdf,"N.C. Exec. Order No. 209 (Apr. 28, 2021)"
1302869,NC,Mecklenburg County,37,119,5/5/2021,1,Yes,Official,https://files.nc.gov/governor/documents/files/EO209-Easing-Statewide-Restrictions.pdf,"N.C. Exec. Order No. 209 (Apr. 28, 2021)"
1302870,NC,Mecklenburg County,37,119,5/6/2021,1,Yes,Official,https://files.nc.gov/governor/documents/files/EO209-Easing-Statewide-Restrictions.pdf,"N.C. Exec. Order No. 209 (Apr. 28, 2021)"
1302871,NC,Mecklenburg County,37,119,5/7/2021,1,Yes,Official,https://files.nc.gov/governor/documents/files/EO209-Easing-Statewide-Restrictions.pdf,"N.C. Exec. Order No. 209 (Apr. 28, 2021)"
1302872,NC,Mecklenburg County,37,119,5/8/2021,1,Yes,Official,https://files.nc.gov/governor/documents/files/EO209-Easing-Statewide-Restrictions.pdf,"N.C. Exec. Order No. 209 (Apr. 28, 2021)"
1302873,NC,Mecklenburg County,37,119,5/9/2021,1,Yes,Official,https://files.nc.gov/governor/documents/files/EO209-Easing-Statewide-Restrictions.pdf,"N.C. Exec. Order No. 209 (Apr. 28, 2021)"
1302874,NC,Mecklenburg County,37,119,5/10/2021,1,Yes,Official,https://files.nc.gov/governor/documents/files/EO209-Easing-Statewide-Restrictions.pdf,"N.C. Exec. Order No. 209 (Apr. 28, 2021)"
1302875,NC,Mecklenburg County,37,119,5/11/2021,1,Yes,Official,https://files.nc.gov/governor/documents/files/EO209-Easing-Statewide-Restrictions.pdf,"N.C. Exec. Order No. 209 (Apr. 28, 2021)"
1302876,NC,Mecklenburg County,37,119,5/12/2021,1,Yes,Official,https://files.nc.gov/governor/documents/files/EO209-Easing-Statewide-Restrictions.pdf,"N.C. Exec. Order No. 209 (Apr. 28, 2021)"
1302877,NC,Mecklenburg County,37,119,5/13/2021,1,Yes,Official,https://files.nc.gov/governor/documents/files/EO209-Easing-Statewide-Restrictions.pdf,"N.C. Exec. Order No. 209 (Apr. 28, 2021)"
1302878,NC,Mecklenburg County,37,119,5/14/2021,2,No,Official,https://files.nc.gov/governor/documents/files/EO215-Lifting-COVID-19-Restrictions_0.pdf,"N.C. Exec. Order No. 215 (May 14, 2021)"
1302879,NC,Mecklenburg County,37,119,5/15/2021,2,No,Official,https://files.nc.gov/governor/documents/files/EO215-Lifting-COVID-19-Restrictions_0.pdf,"N.C. Exec. Order No. 215 (May 14, 2021)"
1302880,NC,Mecklenburg County,37,119,5/16/2021,2,No,Official,https://files.nc.gov/governor/documents/files/EO215-Lifting-COVID-19-Restrictions_0.pdf,"N.C. Exec. Order No. 215 (May 14, 2021)"
1302881,NC,Mecklenburg County,37,119,5/17/2021,2,No,Official,https://files.nc.gov/governor/documents/files/EO215-Lifting-COVID-19-Restrictions_0.pdf,"N.C. Exec. Order No. 215 (May 14, 2021)"
1302882,NC,Mecklenburg County,37,119,5/18/2021,2,No,Official,https://files.nc.gov/governor/documents/files/EO215-Lifting-COVID-19-Restrictions_0.pdf,"N.C. Exec. Order No. 215 (May 14, 2021)"
1302883,NC,Mecklenburg County,37,119,5/19/2021,2,No,Official,https://files.nc.gov/governor/documents/files/EO215-Lifting-COVID-19-Restrictions_0.pdf,"N.C. Exec. Order No. 215 (May 14, 2021)"
1302884,NC,Mecklenburg County,37,119,5/20/2021,2,No,Official,https://files.nc.gov/governor/documents/files/EO215-Lifting-COVID-19-Restrictions_0.pdf,"N.C. Exec. Order No. 215 (May 14, 2021)"
1302885,NC,Mecklenburg County,37,119,5/21/2021,2,No,Official,https://files.nc.gov/governor/documents/files/EO215-Lifting-COVID-19-Restrictions_0.pdf,"N.C. Exec. Order No. 215 (May 14, 2021)"
1302886,NC,Mecklenburg County,37,119,5/22/2021,2,No,Official,https://files.nc.gov/governor/documents/files/EO215-Lifting-COVID-19-Restrictions_0.pdf,"N.C. Exec. Order No. 215 (May 14, 2021)"
1302887,NC,Mecklenburg County,37,119,5/23/2021,2,No,Official,https://files.nc.gov/governor/documents/files/EO215-Lifting-COVID-19-Restrictions_0.pdf,"N.C. Exec. Order No. 215 (May 14, 2021)"
1302888,NC,Mecklenburg County,37,119,5/24/2021,2,No,Official,https://files.nc.gov/governor/documents/files/EO215-Lifting-COVID-19-Restrictions_0.pdf,"N.C. Exec. Order No. 215 (May 14, 2021)"
1302889,NC,Mecklenburg County,37,119,5/25/2021,2,No,Official,https://files.nc.gov/governor/documents/files/EO215-Lifting-COVID-19-Restrictions_0.pdf,"N.C. Exec. Order No. 215 (May 14, 2021)"
1302890,NC,Mecklenburg County,37,119,5/26/2021,2,No,Official,https://files.nc.gov/governor/documents/files/EO215-Lifting-COVID-19-Restrictions_0.pdf,"N.C. Exec. Order No. 215 (May 14, 2021)"
1302891,NC,Mecklenburg County,37,119,5/27/2021,2,No,Official,https://files.nc.gov/governor/documents/files/EO215-Lifting-COVID-19-Restrictions_0.pdf,"N.C. Exec. Order No. 215 (May 14, 2021)"
1302892,NC,Mecklenburg County,37,119,5/28/2021,2,No,Official,https://files.nc.gov/governor/documents/files/EO215-Lifting-COVID-19-Restrictions_0.pdf,"N.C. Exec. Order No. 215 (May 14, 2021)"
1302893,NC,Mecklenburg County,37,119,5/29/2021,2,No,Official,https://files.nc.gov/governor/documents/files/EO215-Lifting-COVID-19-Restrictions_0.pdf,"N.C. Exec. Order No. 215 (May 14, 2021)"
1302894,NC,Mecklenburg County,37,119,5/30/2021,2,No,Official,https://files.nc.gov/governor/documents/files/EO215-Lifting-COVID-19-Restrictions_0.pdf,"N.C. Exec. Order No. 215 (May 14, 2021)"
1302895,NC,Mecklenburg County,37,119,5/31/2021,2,No,Official,https://files.nc.gov/governor/documents/files/EO215-Lifting-COVID-19-Restrictions_0.pdf,"N.C. Exec. Order No. 215 (May 14, 2021)"
1302896,NC,Mecklenburg County,37,119,6/1/2021,2,No,Official,https://files.nc.gov/governor/documents/files/EO215-Lifting-COVID-19-Restrictions_0.pdf,"N.C. Exec. Order No. 215 (May 14, 2021)"
1302897,NC,Mecklenburg County,37,119,6/2/2021,2,No,Official,https://files.nc.gov/governor/documents/files/EO215-Lifting-COVID-19-Restrictions_0.pdf,"N.C. Exec. Order No. 215 (May 14, 2021)"
1302898,NC,Mecklenburg County,37,119,6/3/2021,2,No,Official,https://files.nc.gov/governor/documents/files/EO215-Lifting-COVID-19-Restrictions_0.pdf,"N.C. Exec. Order No. 215 (May 14, 2021)"
1302899,NC,Mecklenburg County,37,119,6/4/2021,2,No,Official,https://files.nc.gov/governor/documents/files/EO215-Lifting-COVID-19-Restrictions_0.pdf,"N.C. Exec. Order No. 215 (May 14, 2021)"
1302900,NC,Mecklenburg County,37,119,6/5/2021,2,No,Official,https://files.nc.gov/governor/documents/files/EO215-Lifting-COVID-19-Restrictions_0.pdf,"N.C. Exec. Order No. 215 (May 14, 2021)"
1302901,NC,Mecklenburg County,37,119,6/6/2021,2,No,Official,https://files.nc.gov/governor/documents/files/EO215-Lifting-COVID-19-Restrictions_0.pdf,"N.C. Exec. Order No. 215 (May 14, 2021)"
1302902,NC,Mecklenburg County,37,119,6/7/2021,2,No,Official,https://files.nc.gov/governor/documents/files/EO215-Lifting-COVID-19-Restrictions_0.pdf,"N.C. Exec. Order No. 215 (May 14, 2021)"
1302903,NC,Mecklenburg County,37,119,6/8/2021,2,No,Official,https://files.nc.gov/governor/documents/files/EO215-Lifting-COVID-19-Restrictions_0.pdf,"N.C. Exec. Order No. 215 (May 14, 2021)"
1302904,NC,Mecklenburg County,37,119,6/9/2021,2,No,Official,https://files.nc.gov/governor/documents/files/EO215-Lifting-COVID-19-Restrictions_0.pdf,"N.C. Exec. Order No. 215 (May 14, 2021)"
1302905,NC,Mecklenburg County,37,119,6/10/2021,2,No,Official,https://files.nc.gov/governor/documents/files/EO215-Lifting-COVID-19-Restrictions_0.pdf,"N.C. Exec. Order No. 215 (May 14, 2021)"
1302906,NC,Mecklenburg County,37,119,6/11/2021,2,No,Official,https://files.nc.gov/governor/documents/files/EO220-Extension-of-EO215.pdf,"N.C. Exec. Order No. 220 (June 11, 2021)"
1302907,NC,Mecklenburg County,37,119,6/12/2021,2,No,Official,https://files.nc.gov/governor/documents/files/EO220-Extension-of-EO215.pdf,"N.C. Exec. Order No. 220 (June 11, 2021)"
1302908,NC,Mecklenburg County,37,119,6/13/2021,2,No,Official,https://files.nc.gov/governor/documents/files/EO220-Extension-of-EO215.pdf,"N.C. Exec. Order No. 220 (June 11, 2021)"
1302909,NC,Mecklenburg County,37,119,6/14/2021,2,No,Official,https://files.nc.gov/governor/documents/files/EO220-Extension-of-EO215.pdf,"N.C. Exec. Order No. 220 (June 11, 2021)"
1302910,NC,Mecklenburg County,37,119,6/15/2021,2,No,Official,https://files.nc.gov/governor/documents/files/EO220-Extension-of-EO215.pdf,"N.C. Exec. Order No. 220 (June 11, 2021)"
1302911,NC,Mecklenburg County,37,119,6/16/2021,2,No,Official,https://files.nc.gov/governor/documents/files/EO220-Extension-of-EO215.pdf,"N.C. Exec. Order No. 220 (June 11, 2021)"
1302912,NC,Mecklenburg County,37,119,6/17/2021,2,No,Official,https://files.nc.gov/governor/documents/files/EO220-Extension-of-EO215.pdf,"N.C. Exec. Order No. 220 (June 11, 2021)"
1302913,NC,Mecklenburg County,37,119,6/18/2021,2,No,Official,https://files.nc.gov/governor/documents/files/EO220-Extension-of-EO215.pdf,"N.C. Exec. Order No. 220 (June 11, 2021)"
1302914,NC,Mecklenburg County,37,119,6/19/2021,2,No,Official,https://files.nc.gov/governor/documents/files/EO220-Extension-of-EO215.pdf,"N.C. Exec. Order No. 220 (June 11, 2021)"
1302915,NC,Mecklenburg County,37,119,6/20/2021,2,No,Official,https://files.nc.gov/governor/documents/files/EO220-Extension-of-EO215.pdf,"N.C. Exec. Order No. 220 (June 11, 2021)"
1302916,NC,Mecklenburg County,37,119,6/21/2021,2,No,Official,https://files.nc.gov/governor/documents/files/EO220-Extension-of-EO215.pdf,"N.C. Exec. Order No. 220 (June 11, 2021)"
1302917,NC,Mecklenburg County,37,119,6/22/2021,2,No,Official,https://files.nc.gov/governor/documents/files/EO220-Extension-of-EO215.pdf,"N.C. Exec. Order No. 220 (June 11, 2021)"
1302918,NC,Mecklenburg County,37,119,6/23/2021,2,No,Official,https://files.nc.gov/governor/documents/files/EO220-Extension-of-EO215.pdf,"N.C. Exec. Order No. 220 (June 11, 2021)"
1302919,NC,Mecklenburg County,37,119,6/24/2021,2,No,Official,https://files.nc.gov/governor/documents/files/EO220-Extension-of-EO215.pdf,"N.C. Exec. Order No. 220 (June 11, 2021)"
1302920,NC,Mecklenburg County,37,119,6/25/2021,2,No,Official,https://files.nc.gov/governor/documents/files/EO220-Extension-of-EO215.pdf,"N.C. Exec. Order No. 220 (June 11, 2021)"
1302921,NC,Mecklenburg County,37,119,6/26/2021,2,No,Official,https://files.nc.gov/governor/documents/files/EO220-Extension-of-EO215.pdf,"N.C. Exec. Order No. 220 (June 11, 2021)"
1302922,NC,Mecklenburg County,37,119,6/27/2021,2,No,Official,https://files.nc.gov/governor/documents/files/EO220-Extension-of-EO215.pdf,"N.C. Exec. Order No. 220 (June 11, 2021)"
1302923,NC,Mecklenburg County,37,119,6/28/2021,2,No,Official,https://files.nc.gov/governor/documents/files/EO220-Extension-of-EO215.pdf,"N.C. Exec. Order No. 220 (June 11, 2021)"
1302924,NC,Mecklenburg County,37,119,6/29/2021,2,No,Official,https://files.nc.gov/governor/documents/files/EO220-Extension-of-EO215.pdf,"N.C. Exec. Order No. 220 (June 11, 2021)"
1302925,NC,Mecklenburg County,37,119,6/30/2021,2,No,Official,https://files.nc.gov/governor/documents/files/EO220-Extension-of-EO215.pdf,"N.C. Exec. Order No. 220 (June 11, 2021)"
1302926,NC,Mecklenburg County,37,119,7/1/2021,2,No,Official,https://files.nc.gov/governor/documents/files/EO220-Extension-of-EO215.pdf,"N.C. Exec. Order No. 220 (June 11, 2021)"
1302927,NC,Mecklenburg County,37,119,7/2/2021,2,No,Official,https://files.nc.gov/governor/documents/files/EO220-Extension-of-EO215.pdf,"N.C. Exec. Order No. 220 (June 11, 2021)"
1302928,NC,Mecklenburg County,37,119,7/3/2021,2,No,Official,https://files.nc.gov/governor/documents/files/EO220-Extension-of-EO215.pdf,"N.C. Exec. Order No. 220 (June 11, 2021)"
1302929,NC,Mecklenburg County,37,119,7/4/2021,2,No,Official,https://files.nc.gov/governor/documents/files/EO220-Extension-of-EO215.pdf,"N.C. Exec. Order No. 220 (June 11, 2021)"
1302930,NC,Mecklenburg County,37,119,7/5/2021,2,No,Official,https://files.nc.gov/governor/documents/files/EO220-Extension-of-EO215.pdf,"N.C. Exec. Order No. 220 (June 11, 2021)"
1302931,NC,Mecklenburg County,37,119,7/6/2021,2,No,Official,https://files.nc.gov/governor/documents/files/EO220-Extension-of-EO215.pdf,"N.C. Exec. Order No. 220 (June 11, 2021)"
1302932,NC,Mecklenburg County,37,119,7/7/2021,2,No,Official,https://files.nc.gov/governor/documents/files/EO220-Extension-of-EO215.pdf,"N.C. Exec. Order No. 220 (June 11, 2021)"
1302933,NC,Mecklenburg County,37,119,7/8/2021,2,No,Official,https://files.nc.gov/governor/documents/files/EO220-Extension-of-EO215.pdf,"N.C. Exec. Order No. 220 (June 11, 2021)"
1302934,NC,Mecklenburg County,37,119,7/9/2021,2,No,Official,https://files.nc.gov/governor/documents/files/EO220-Extension-of-EO215.pdf,"N.C. Exec. Order No. 220 (June 11, 2021)"
1302935,NC,Mecklenburg County,37,119,7/10/2021,2,No,Official,https://files.nc.gov/governor/documents/files/EO220-Extension-of-EO215.pdf,"N.C. Exec. Order No. 220 (June 11, 2021)"
1302936,NC,Mecklenburg County,37,119,7/11/2021,2,No,Official,https://files.nc.gov/governor/documents/files/EO220-Extension-of-EO215.pdf,"N.C. Exec. Order No. 220 (June 11, 2021)"
1302937,NC,Mecklenburg County,37,119,7/12/2021,2,No,Official,https://files.nc.gov/governor/documents/files/EO220-Extension-of-EO215.pdf,"N.C. Exec. Order No. 220 (June 11, 2021)"
1302938,NC,Mecklenburg County,37,119,7/13/2021,2,No,Official,https://files.nc.gov/governor/documents/files/EO220-Extension-of-EO215.pdf,"N.C. Exec. Order No. 220 (June 11, 2021)"
1302939,NC,Mecklenburg County,37,119,7/14/2021,2,No,Official,https://files.nc.gov/governor/documents/files/EO220-Extension-of-EO215.pdf,"N.C. Exec. Order No. 220 (June 11, 2021)"
1302940,NC,Mecklenburg County,37,119,7/15/2021,2,No,Official,https://files.nc.gov/governor/documents/files/EO220-Extension-of-EO215.pdf,"N.C. Exec. Order No. 220 (June 11, 2021)"
1302941,NC,Mecklenburg County,37,119,7/16/2021,2,No,Official,https://files.nc.gov/governor/documents/files/EO220-Extension-of-EO215.pdf,"N.C. Exec. Order No. 220 (June 11, 2021)"
1302942,NC,Mecklenburg County,37,119,7/17/2021,2,No,Official,https://files.nc.gov/governor/documents/files/EO220-Extension-of-EO215.pdf,"N.C. Exec. Order No. 220 (June 11, 2021)"
1302943,NC,Mecklenburg County,37,119,7/18/2021,2,No,Official,https://files.nc.gov/governor/documents/files/EO220-Extension-of-EO215.pdf,"N.C. Exec. Order No. 220 (June 11, 2021)"
1302944,NC,Mecklenburg County,37,119,7/19/2021,2,No,Official,https://files.nc.gov/governor/documents/files/EO220-Extension-of-EO215.pdf,"N.C. Exec. Order No. 220 (June 11, 2021)"
1302945,NC,Mecklenburg County,37,119,7/20/2021,2,No,Official,https://files.nc.gov/governor/documents/files/EO220-Extension-of-EO215.pdf,"N.C. Exec. Order No. 220 (June 11, 2021)"
1302946,NC,Mecklenburg County,37,119,7/21/2021,2,No,Official,https://files.nc.gov/governor/documents/files/EO220-Extension-of-EO215.pdf,"N.C. Exec. Order No. 220 (June 11, 2021)"
1302947,NC,Mecklenburg County,37,119,7/22/2021,2,No,Official,https://files.nc.gov/governor/documents/files/EO220-Extension-of-EO215.pdf,"N.C. Exec. Order No. 220 (June 11, 2021)"
1302948,NC,Mecklenburg County,37,119,7/23/2021,2,No,Official,https://files.nc.gov/governor/documents/files/EO220-Extension-of-EO215.pdf,"N.C. Exec. Order No. 220 (June 11, 2021)"
1302949,NC,Mecklenburg County,37,119,7/24/2021,2,No,Official,https://files.nc.gov/governor/documents/files/EO220-Extension-of-EO215.pdf,"N.C. Exec. Order No. 220 (June 11, 2021)"
1302950,NC,Mecklenburg County,37,119,7/25/2021,2,No,Official,https://files.nc.gov/governor/documents/files/EO220-Extension-of-EO215.pdf,"N.C. Exec. Order No. 220 (June 11, 2021)"
1302951,NC,Mecklenburg County,37,119,7/26/2021,2,No,Official,https://files.nc.gov/governor/documents/files/EO220-Extension-of-EO215.pdf,"N.C. Exec. Order No. 220 (June 11, 2021)"
1302952,NC,Mecklenburg County,37,119,7/27/2021,2,No,Official,https://files.nc.gov/governor/documents/files/EO220-Extension-of-EO215.pdf,"N.C. Exec. Order No. 220 (June 11, 2021)"
1302953,NC,Mecklenburg County,37,119,7/28/2021,2,No,Official,https://files.nc.gov/governor/documents/files/EO220-Extension-of-EO215.pdf,"N.C. Exec. Order No. 220 (June 11, 2021)"
1302954,NC,Mecklenburg County,37,119,7/29/2021,2,No,Official,https://files.nc.gov/governor/documents/files/EO224-COVID-19-Measures.pdf,"N.C. Exec. Order No. 224 (July 29, 2021)"
1302955,NC,Mecklenburg County,37,119,7/30/2021,2,No,Official,https://files.nc.gov/governor/documents/files/EO224-COVID-19-Measures.pdf,"N.C. Exec. Order No. 224 (July 29, 2021)"
1302956,NC,Mecklenburg County,37,119,7/31/2021,2,No,Official,https://files.nc.gov/governor/documents/files/EO224-COVID-19-Measures.pdf,"N.C. Exec. Order No. 224 (July 29, 2021)"
1302957,NC,Mecklenburg County,37,119,8/1/2021,2,No,Official,https://files.nc.gov/governor/documents/files/EO224-COVID-19-Measures.pdf,"N.C. Exec. Order No. 224 (July 29, 2021)"
1302958,NC,Mecklenburg County,37,119,8/2/2021,2,No,Official,https://files.nc.gov/governor/documents/files/EO224-COVID-19-Measures.pdf,"N.C. Exec. Order No. 224 (July 29, 2021)"
1302959,NC,Mecklenburg County,37,119,8/3/2021,2,No,Official,https://files.nc.gov/governor/documents/files/EO224-COVID-19-Measures.pdf,"N.C. Exec. Order No. 224 (July 29, 2021)"
1302960,NC,Mecklenburg County,37,119,8/4/2021,2,No,Official,https://files.nc.gov/governor/documents/files/EO224-COVID-19-Measures.pdf,"N.C. Exec. Order No. 224 (July 29, 2021)"
1302961,NC,Mecklenburg County,37,119,8/5/2021,2,No,Official,https://files.nc.gov/governor/documents/files/EO224-COVID-19-Measures.pdf,"N.C. Exec. Order No. 224 (July 29, 2021)"
1302962,NC,Mecklenburg County,37,119,8/6/2021,2,No,Official,https://files.nc.gov/governor/documents/files/EO224-COVID-19-Measures.pdf,"N.C. Exec. Order No. 224 (July 29, 2021)"
1302963,NC,Mecklenburg County,37,119,8/7/2021,2,No,Official,https://files.nc.gov/governor/documents/files/EO224-COVID-19-Measures.pdf,"N.C. Exec. Order No. 224 (July 29, 2021)"
1302964,NC,Mecklenburg County,37,119,8/8/2021,2,No,Official,https://files.nc.gov/governor/documents/files/EO224-COVID-19-Measures.pdf,"N.C. Exec. Order No. 224 (July 29, 2021)"
1302965,NC,Mecklenburg County,37,119,8/9/2021,2,No,Official,https://files.nc.gov/governor/documents/files/EO224-COVID-19-Measures.pdf,"N.C. Exec. Order No. 224 (July 29, 2021)"
1302966,NC,Mecklenburg County,37,119,8/10/2021,2,No,Official,https://files.nc.gov/governor/documents/files/EO224-COVID-19-Measures.pdf,"N.C. Exec. Order No. 224 (July 29, 2021)"
1302967,NC,Mecklenburg County,37,119,8/11/2021,2,No,Official,https://files.nc.gov/governor/documents/files/EO224-COVID-19-Measures.pdf,"N.C. Exec. Order No. 224 (July 29, 2021)"
1302968,NC,Mecklenburg County,37,119,8/12/2021,2,No,Official,https://files.nc.gov/governor/documents/files/EO224-COVID-19-Measures.pdf,"N.C. Exec. Order No. 224 (July 29, 2021)"
1302969,NC,Mecklenburg County,37,119,8/13/2021,2,No,Official,https://files.nc.gov/governor/documents/files/EO224-COVID-19-Measures.pdf,"N.C. Exec. Order No. 224 (July 29, 2021)"
1302970,NC,Mecklenburg County,37,119,8/14/2021,2,No,Official,https://files.nc.gov/governor/documents/files/EO224-COVID-19-Measures.pdf,"N.C. Exec. Order No. 224 (July 29, 2021)"
1302971,NC,Mecklenburg County,37,119,8/15/2021,2,No,Official,https://files.nc.gov/governor/documents/files/EO224-COVID-19-Measures.pdf,"N.C. Exec. Order No. 224 (July 29, 2021)"
